;par_num;entity
0;4;Союза
1;5;Советского Союза
2;7;рый
3;7;Хельсинки
4;7;Европе
5;7;ООН
6;7;Советского Союза
7;7;Советским Союзом
8;10;Дж
9;10;Кеннан
10;10;США
11;10;СССР
12;10;Вашингтоне
13;10;Белого дома
14;11;Р. Никсона
15;11;США
16;11;Дж
17;11;Форд
18;11;Пентагоне
19;12;США
20;13;Советского Союза
21;16;США
22;16;Трумэном директива
23;16;Совета национальной безопасности
24;17;СССР
25;17;США
26;18;СССР
27;18;Г.М. Корниенко
28;18;Соединенными Штатами
29;18;Советским Союзом
30;18;Соединенным Штатам
31;19;США
32;19;Советского Союза
33;19;НАТО
34;19;Варшавскому договору
35;19;Бройлер
36;19;Сиззл
37;20;Пентагоном
38;20;Комитетом начальников штабов
39;20;США
40;20;Советскому Союзу
41;20;СССР
42;22;СССР
43;22;Р. Рейганом
44;24;А.М. Сахаровский
45;25;США
46;25;СССР
47;25;Венгрии
48;25;Ближнем Востоке
49;25;Корее
50;25;Чехословакии
51;26;Сахаровский
52;26;КГБ
53;27;Ф.К. Мортин
54;27;А.М. Сахаровского
55;28;В.А. Крючков
56;28;Высшей дипломатической школы
57;28;МИД
58;28;СССР
59;28;Венгрии
60;28;ЦК
61;28;КПСС
62;28;Ю.В. Андропова
63;28;КГБ
64;28;Секретариат
65;30;Ю.В. Андропова
66;34;Советского Союза
67;35;Советском Союзе
68;37;Афганистане
69;37;России
70;38;США
71;38;СССР
72;39;Афганистане
73;39;СССР
74;40;Афганистане
75;42;Афганистан
76;43;США
77;43;Р. Рейгана
78;43;СССР
79;44;Р. Рейгана
80;44;Советском Союзе
81;45;Р. Рейгана
82;45;Советом национальной безопасности
83;45;США
84;45;Р. Рейганом
85;46;США
86;47;Советский Союз
87;47;Запад
88;47;СССР
89;49;Пентагона
90;49;Советского Союза
91;50;ЦРУ
92;50;СССР
93;50;Горбачев
94;51;Советского Союза
95;51;ЦРУ
96;51;СССР
97;52;США
98;52;Советского Союза
99;52;Советским Союзом
100;54;Запада
101;55;США
102;55;СССР
103;55;Советский Союз
104;56;Запада
105;57;Союза
106;57;СССР
107;59;какова
108;59;Уокеры
109;59;Липке
110;59;Эймс
111;59;Ханссен
112;59;Эдвард Ли Ховард
113;59;Соутер
114;59;ЦРУ
115;59;ФБР
116;59;АНБ
117;61;США
118;61;Советского Союза
119;63;В.А. Крючков
120;63;КГБ
121;64;Л.В. Шебаршин
122;65;России
123;66;Первым главным управлением
124;66;КГБ
125;66;СССР
126;66;Е.М. Примаков
127;70;России
128;72;СВР
129;72;Е.М. Примаков
130;72;России~
131;75;СМИ
132;76;СМИ
133;77;КГБ
134;78;Примаков
135;79;России
136;79;СВР
137;81;России
138;82;Службы внешней разведки
139;82;России
140;82;В.И. Трубников
141;83;Трубников
142;84;России
143;84;СНГ
144;84;Российской Федерации
145;85;России
146;86;Российской Федерации
147;87;Концепции национальной безопасности
148;87;Российской Федерации
149;87;России
150;88;НАТО
151;88;СВР
152;89;Советского Союза
153;90;России
154;90;В.В. Путиным
155;90;С.Н. Лебедева
156;90;России~
157;91;России
158;92;США
159;92;Советского Союза
160;92;Вашингтоне
161;92;Лондоне
162;92;России
163;92;Германии
164;92;Квебеке
165;92;Франклин Делано Рузвельт
166;92;Великобритании
167;92;Уинстон Черчилль
168;92;СССР
169;92;Россию
170;92;Соединенных Штатов
171;92;Британской империи
172;93;Черчиллю
173;93;Гарри Трумэну
174;94;И.В. Сталин
175;94;Государственный комитет обороны
176;94;Белого дома
177;94;Даунинг - стрит
178;95;Черчилля
179;95;Фултоне
180;95;Советского Союза
181;95;Восточной Европы
182;97;Советский Союз
183;97;Запада
184;98;СССР
185;98;Советским Союзом
186;98;США
187;98;НАТО
188;98;Советского Союза
189;98;Восточной Европы
190;98;Вашингтоне
191;98;Трумэна
192;98;Управлению психологической стратегии
193;98;Дуайт Эйзенхауэр
194;99;Западом
195;100;СССР
196;100;Эйзенхауэра
197;100;Джон Фитцджеральд Кеннеди
198;100;КГБ ( ПГУ )
199;100;А.М. Сахаровский
200;100;КГБ
201;100;СМ
202;100;Западе
203;100;ПГУ
204;100;Ф.К. Мартин
205;100;США
206;100;Советского Союза
207;100;Робертом Кеннеди
208;100;Дж
209;100;Политбюро
210;100;ЦК
211;100;КПСС
212;100;Р. Кеннеди
213;101;США
214;101;СССР
215;102;Вашингтон
216;102;Советского Союза
217;103;Уильям Фулбрайт
218;103;США
219;104;США
220;106;ПГУ
221;106;США
222;106;НАТО
223;106;Советского Союза
224;106;Запада
225;106;СССР
226;107;Кеннеди
227;108;Ричарде Никсоне
228;108;Джимми Картер
229;109;Збигнева Бжезинского
230;109;Средней Азии
231;109;Советский Союз
232;109;США
233;109;Афганистан
234;109;Советской Армии
235;109;ЦРУ
236;109;Афганистане
237;109;Пакистане
238;110;Афганистана
239;110;Талибан
240;110;Аль - Каиды
241;110;Усамой Бен Ладеном
242;111;Международного торгового центра
243;111;Нью - Йорке
244;112;США
245;112;Советским Союзом
246;112;Рональд Рейган
247;113;Рейган
248;113;Советский Союз
249;113;Джордж Буш - старший
250;113;Каспар Уайнбергер
251;113;Александр Хейг
252;113;Ричард Ален
253;113;ЦРУ
254;113;Уильям Кейси
255;114;Совет национальной безопасности ( СНБ )
256;114;ЦРУ
257;114;Кейси
258;115;Рейгану
259;115;Советскому Союзу
260;116;Соединенных Штатов
261;116;Рейгана
262;118;США
263;118;СССР
264;119;Советским Союзом
265;120;триады
266;120;Рейгана
267;120;Кейси
268;120;СССР
269;120;Польша
270;120;Афганистан
271;121;Польша
272;121;Рейгана
273;121;Польше
274;122;ПГУ
275;122;Политбюро
276;122;ЦК
277;122;КПСС
278;122;Рейган
279;122;ЦРУ
280;122;госдепартамента
281;122;Польше
282;123;ЦРУ
283;123;Моссад
284;123;Польше
285;123;АФТ -КПП
286;123;Ватикан
287;125;Польской Народной Республики ( ПНР )
288;125;Политбюро
289;125;ЦК
290;125;КПСС
291;125;Польше
292;125;Солидарность
293;125;США
294;125;ПГУ
295;125;Рейган
296;125;ЦРУ
297;125;СНБ
298;125;СССР
299;125;Кейси
300;125;Солидарностью
301;125;Лех Валенса
302;125;Солидарности
303;125;ПНР
304;125;НАТО
305;125;Ватикана
306;125;Западной Европы
307;126;ПНР
308;126;ЦРУ
309;126;Франкфурте - на - Майне
310;126;ФРГ
311;126;Польши
312;126;Солидарности
313;126;Збигнева Буяка
314;127;ЦРУ
315;128;Солидарности
316;128;Брюсселе
317;128;Бельгия
318;128;Стокгольме
319;128;Швеция
320;129;Кейси
321;129;Улоф Пальме
322;130;Рейгана
323;130;ЦРУ
324;130;Ватикан
325;130;Польше
326;130;ПНР
327;130;Кейси
328;130;Солидарности
329;130;США
330;130;Войцеха Ярузельского
331;131;МВД
332;131;ПНР
333;131;КГБ
334;131;СССР
335;131;ЦРУ
336;131;Разведывательного управления
337;131;Министерства обороны ( РУМО )
338;131;Агентства национальной безопасности ( АНБ )
339;131;Польше
340;132;ПНР
341;132;Вашингтоне
342;132;Солидарности
343;132;США
344;132;НАТО
345;132;Польше
346;132;ЦРУ
347;132;МИД
348;132;Минвнешторге
349;132;Войске Польском
350;132;Куклиньский
351;132;Моссад
352;134;Рейгана
353;134;Ярузельского
354;134;Польши
355;134;ЦРУ
356;134;СНБ
357;134;СССР
358;134;Москву
359;134;Польшу
360;135;ПНР
361;135;СССР
362;135;Польше
363;135;КГБ
364;135;МВД
365;136;Станиславу Кане
366;136;Войцеху Ярузельскому
367;136;Мирославу Милевскому
368;136;Чеславу Кищаку
369;137;ПНР
370;137;Пожога
371;137;КГБ
372;137;В.Г. Павлов
373;137;Польше
374;137;Москвы
375;138;Польше
376;138;США
377;138;Восточной Европы
378;138;ЦРУ
379;138;госдепартамента
380;138;Рейган
381;138;СНБ
382;138;РУМО
383;138;АНБ
384;139;Голос Америки~
385;139;Свобода / Свободная Европа
386;139;Советского Союза
387;140;ЦРУ
388;140;Чехословакии
389;140;Венгрии
390;140;Болгарии
391;140;Солидарности
392;140;СНБ
393;140;ГДР
394;140;Польши
395;140;Восточной Европой
396;140;Лех Валенса
397;140;Вацлав Гавел
398;140;Джордже Конрад
399;141;Афганистан
400;141;Картер
401;141;Афганистане
402;141;ВС
403;141;СССР
404;141;Рейгану
405;141;Кейси
406;141;Советскую Армию
407;141;Афганистанов
408;141;Вьетнам
409;141;Вьетконг
410;141;СВР
411;141;Рейганом
412;142;ВС
413;142;СССР
414;143;Египте
415;143;ЦРУ
416;143;Объединенного разведывательного управления ( ОРУ )
417;143;Пакистана
418;144;Афганистан
419;144;ОРУ
420;144;Ахтаром
421;146;ЦРУ
422;146;Саудовской Аравии
423;146;США
424;146;Карачи
425;146;Пакистан
426;146;Исламабада
427;146;Кветты
428;146;ОРУ
429;146;Афганистана
430;146;Рейган
431;146;Советы
432;146;Вашингтона
433;146;ГОД
434;147;ЦРУ
435;147;ОРУ
436;147;Джелалабадом
437;147;Стингерами
438;148;Кейси
439;148;Северо - Западной пограничной провинции
440;148;Белуджистана
441;148;ЦРУ
442;148;ОРУ
443;149;Пакистана
444;149;Мухаммад Зия - уль - Хак
445;149;ЦРУ
446;151;ОРУ
447;151;Афганистане
448;151;Лэнгли
449;151;ЦРУ
450;151;Пакистан
451;151;Кейси
452;151;Зия - уль - Хаку
453;151;США
454;151;Пакистана
455;151;Советский Союз
456;152;ВС
457;152;СССР
458;152;Афганистане
459;152;ЦРУ
460;152;Афганистан
461;152;США
462;152;Рейгана
463;152;Кейси
464;152;Ахтара
465;153;Афганистане
466;154;Афганистана
467;154;Советского Союза
468;154;ЦРУ
469;154;СНБ
470;154;Рейган
471;155;Средней Азии
472;155;Афганистана
473;155;СССР
474;156;Средней Азии
475;156;ЦРУ
476;156;Саудовскую Аравию
477;156;Кейси
478;156;Среднюю Азию
479;156;Афганистан
480;156;Советов
481;157;ЦРУ
482;157;Средней Азии
483;157;ПГУ
484;157;КГБ
485;157;МВД
486;158;Кейси
487;159;Кейси
488;159;Пакистана
489;159;Зияуль - Хака
490;159;Средняя Азия
491;159;СССР
492;159;США
493;159;Узбекистане
494;161;Египта
495;161;Саудовской Аравии
496;162;Средней Азии
497;162;СССР
498;163;бьши
499;163;ЦРУ
500;163;ОРУ
501;163;Узбекистана
502;163;Таджикистана
503;163;Пяндж
504;163;Аму - Дарью
505;164;ЦРУ
506;164;ОРУ
507;164;Афганистана
508;164;Среднюю Азию
509;164;Кейси
510;164;Москву
511;164;Афганистане
512;164;Аму - Дарью
513;164;ЦК
514;164;КПСС
515;164;Ю.В. Андропов
516;165;Генерального штаба
517;165;ВС
518;165;СССР
519;165;Рейган
520;165;СНБ
521;165;ЦРУ
522;166;Наджибуллы
523;166;Афганистане
524;167;Демократической Республики Афганистан
525;167;СССР
526;167;США
527;167;Пакистан
528;167;Наджибуллы
529;168;Советском Союзе
530;168;М.С. Горбачев
531;168;Наджибулле
532;168;СССР
533;168;Афганистана
534;169;США
535;169;ЦРУ
536;169;СССР
537;169;Рейган
538;169;Приоритетными объектами
539;170;Ангола
540;170;Эфиопия
541;170;Южный Йемен
542;170;Сирия
543;170;Ирак
544;170;СССР
545;170;ООН
546;170;ЮАР
547;170;УНИТА
548;170;Анголы
549;171;Саудовской Аравией
550;171;СССР
551;171;России
552;171;Персидского залива
553;171;Красного моря
554;171;КГБ
555;171;Иеменах
556;171;Сирии
557;171;Ираке
558;171;Эфиопии
559;171;Саудов
560;171;ПВО
561;171;США
562;172;Эфиопии
563;172;Менгисту Хайле Мариама
564;172;Советским Союзом
565;173;США
566;173;СССР
567;174;Рейган
568;174;США
569;174;Советского Союза
570;175;Советского Союза
571;175;США
572;175;Советский Союз
573;177;Рейган
574;178;США
575;178;Западе
576;178;СОИ
577;178;Рейгану
578;178;Тэтчер
579;178;Советский Союз
580;178;Англии
581;178;ФРГ
582;178;Италии
583;178;Японии
584;178;Израиля
585;179;США
586;179;Пентагон
587;180;НАТО
588;180;США
589;180;Организации Варшавского договора
590;181;ВВС
591;181;США
592;181;Советского Союза
593;182;Рейган
594;182;Политбюро
595;182;ЦК
596;182;КПСС
597;182;СОИ
598;182;СССР
599;183;ПГУ
600;183;Советский Союз
601;183;США
602;183;НАТО
603;184;США
604;184;ЦРУ
605;184;РУМО
606;184;Средней Азии
607;184;Голос Америки
608;184;Свобода
609;184;Политбюро
610;184;ЦК
611;184;КПСС
612;185;США
613;191;США
614;191;ЦРУ
615;191;ЦК
616;191;КПСС
617;191;Л.И. Брежневым
618;191;К.У. Черненко
619;191;Ю.В. Андроповым
620;191;М.С. Горбачев
621;191;Рейган
622;191;Кэмп - Дэвиде Тэтчер
623;191;Горбачевым
624;191;СССР
625;191;Западом
626;191;СНБ
627;191;Горбачева
628;191;Советский Союз
629;191;Джордж Шульц
630;191;Америки
631;193;Последней
632;193;триады
633;193;США
634;193;СССР
635;193;Рейган
636;194;Уренгой
637;194;Вашингтона
638;194;Советского Союза
639;195;США
640;195;Запада
641;195;Советский Союз
642;195;Саудовской Аравией
643;195;Европу
644;195;Советского Союза
645;196;ЦРУ
646;196;Кейси
647;196;СССР
648;196;Советского Союза
649;196;Рейган
650;197;ПГУ
651;197;США
652;197;Рейганом
653;198;Москвы
654;198;США
655;198;КОКОМ
656;198;НАТО
657;200;Ю.В. Андропова
658;200;Генеральным секретарем
659;200;ЦК
660;200;КПСС
661;200;ЦРУ
662;200;РУМО
663;200;АНБ
664;200;НАТО
665;200;КГБ
666;200;СССР
667;201;Кейси
668;201;Рейгану
669;201;Джон Пойндекстер
670;201;Совета национальной безопасности
671;201;США
672;201;Москва
673;201;ЦРУ
674;201;РУМО
675;201;СССР
676;201;АНБ
677;201;Лэнгли
678;201;Пентагоне
679;201;Советского Союза
680;202;США
681;202;НАТО
682;202;Советского Союза
683;202;Организации Варшавского договора
684;202;невидимом фронте
685;205;Москве
686;205;Рейган
687;206;Советский Союз
688;206;А.А. Громыко
689;206;Ялте
690;206;Макговерном
691;207;Громыко
692;207;ООН
693;207;США
694;207;СССР
695;207;Советским Союзом
696;208;Лэнгли
697;208;США
698;208;Громыко
699;208;ПГУ
700;209;Громыко
701;209;Рейганом
702;209;США
703;209;Москвы
704;209;Советский Союз
705;209;Америки
706;209;Рейган
707;210;Кейси
708;210;Советского Союза
709;210;Рейгана
710;210;Белом доме
711;211;Советский Союз
712;211;ЦРУ
713;211;Рейгана
714;213;Рейгана
715;213;Кремлю
716;213;СОИ
717;213;США
718;213;Польше
719;213;Афганистане
720;214;1 Schweitzer Peter
721;219;Рейгана
722;219;СНБ
723;219;США
724;219;Советского Союза
725;219;Вашингтон
726;220;Советского Союза
727;220;Рабочей группы по делам национальной безопасности
728;221;Рейган
729;221;СССР
730;222;Рейганом
731;222;Восточной Европе
732;222;США
733;224;Москву
734;224;США
735;224;Москве
736;224;КОКОМ ( Координационный комитет по экспортному контролю
737;225;СССР
738;225;США
739;225;Европы
740;225;Европу
741;226;Вашингтона
742;226;Рейгана
743;226;США
744;226;СССР
745;227;Солидарность~ в
746;227;Польше
747;227;Афганистане
748;228;Советский Союз
749;228;Саудовской Аравией
750;228;Запад
751;229;США
752;230;СССР
753;231;Петера Швейцера
754;231;США
755;231;Советского Союза
756;232;Советским Союзом
757;232;П. Швейцер
758;232;Р. Рейгану
759;232;ЦРУ
760;232;Уильям Кейси
761;232;Каспар Уайнбергер
762;233;ЦРУ
763;233;Кейси
764;237;США
765;237;НАТО
766;238;США
767;238;СССР
768;239;Вашингтон
769;239;Востока
770;240;СССР
771;242;Дж
772;242;СССР
773;242;Афганистан
774;242;Ямал
775;242;Европа
776;242;Советским Союзом
777;242;Запада
778;242;Ирана
779;242;Советский Союз
780;242;Иран
781;243;Запада
782;243;США
783;243;СССР
784;243;Советского Союза
785;243;Соединенным Штатам
786;244;Запада
787;245;Вашингтона
788;245;СССР
789;245;ЧССР
790;245;ГДР
791;245;НАТО
792;246;Запада
793;246;США
794;246;Востоку
795;246;Западную Европу
796;247;Рейгана
797;247;США
798;247;Западной Европы
799;247;Вашингтоном
800;247;СЭВ
801;247;СССР
802;247;Москву
803;247;Запада
804;247;Советскому Союзу
805;249;США
806;249;Советский Союз
807;250;Советского Союза
808;252;НАТО
809;252;СССР
810;252;Западе
811;253;СССР
812;253;Москва
813;253;Западу
814;254;США
815;255;США
816;255;СССР
817;256;США
818;257;КОКОМ
819;258;НАТО
820;258;Запад
821;258;Североатлантического блока
822;259;Рейгана
823;259;Восточной Европы
824;259;Вашингтон
825;259;Белый дом
826;259;КОКОМ
827;260;Западной Европы
828;260;Вашингтона
829;260;США
830;260;КОКОМ
831;261;США
832;262;ФРГ
833;262;Франции
834;263;США
835;263;Западной Европы
836;263;Япония
837;263;Востоком
838;263;Советскому Союзу
839;263;Западу
840;263;Запада
841;265;Запад
842;265;США
843;265;НАТО
844;265;СССР
845;266;Запада
846;267;СССР
847;267;Международного энергетического агентства
848;269;США
849;269;Советского Союза
850;269;Запада
851;269;СССР
852;270;ЕЭС
853;270;Советский Союз
854;270;Советского Союза
855;271;США
856;271;СССР
857;272;Советского Союза
858;272;США
859;272;Д. Блока
860;272;Соединенными Штатами
861;272;СССР
862;272;Москвы
863;272;Советский Союз
864;273;США
865;274;США
866;274;Австралии
867;274;Канады
868;274;ЕЭС
869;274;Советскому Союзу
870;274;СССР
871;275;Советскому Союзу
872;276;СССР
873;277;Экспортхлеб
874;277;Дрейфус
875;278;Советским Союзом
876;278;Чикагской зерноторговой биржи
877;280;СССР
878;280;Советский Союз
879;281;Советский Союз
880;282;США
881;283;СССР
882;284;США
883;284;СССР
884;285;СССР
885;285;Советский Союз
886;285;Китая
887;285;США
888;286;Запада
889;286;СССР
890;289;Запад
891;289;СССР
892;289;Советского Союза
893;289;Запада
894;290;США
895;290;СССР
896;290;СМИ
897;291;СССР
898;291;Советского Союза
899;293;СССР
900;294;США
901;294;СССР
902;295;США
903;295;Япония
904;295;СССР
905;295;Японией
906;295;Советским Союзом
907;296;Западной Европы
908;296;Советский Союз
909;296;Запада
910;296;СССР
911;297;Западе
912;297;Советского Союза
913;297;США
914;297;СССР
915;300;Швейцер Петер
916;300;США
917;300;Советского Союза
918;302;Россия
919;302;Земле
920;306;Земле
921;310;Российской Федерации
922;310;СССР
923;311;Западу
924;311;Россия
925;312;СССР
926;312;Россия
927;312;Европы
928;312;Закавказья
929;312;Центральной Азии
930;312;России
931;313;Россия
932;313;Западом
933;313;СССР
934;314;СВР
935;314;Е.М. Примаков
936;317;Ближнем Востоке
937;318;Мацумото
938;318;Токио
939;318;Аум синрикё~.
940;320;России
941;320;Россия
942;320;Россию
943;321;Российской Федерации
944;321;Запада
945;322;МИД
946;322;Совет Безопасности
947;322;РФ
948;323;КГБ
949;324;СВР
950;326;СВР
951;327;СВР
952;327;Службы
953;327;Е.М. Примакова
954;329;Западом
955;333;СВР
956;334;СВР
957;334;ОМУ
958;335;России
959;336;СВР
960;336;Службой
961;338;СВР
962;338;Интернете
963;339;Декларацией
964;339;Европы
965;340;Африке
966;340;Виктор Бут
967;340;Интерпола
968;340;СССР
969;340;Латвии
970;340;Казахстане
971;341;ОМУ
972;343;России
973;343;Нидерланды
974;343;Организация по запрещению химического оружия
975;343;Комитет Цангера
976;347;Россию
977;348;НАТО
978;348;США
979;348;Трумэн
980;348;Японией
981;348;Москве
982;348;СССР
983;349;СССР
984;349;Советским Союзом
985;349;США
986;350;Москве
987;352;Москву
988;352;Горький
989;352;Куйбышев
990;352;Свердловск
991;352;Новосибирск
992;352;Омск
993;352;Саратов
994;352;СССР
995;352;США
996;352;Великобритании
997;352;Земле
998;352;Польшу
999;352;Балканы
1000;352;Средний Восток
1001;352;Ленинград
1002;353;СССР
1003;353;Комитетом начальников штабов ( КНШ )
1004;353;ВС
1005;353;США
1006;353;Советского Союза
1007;353;Пентагона
1008;354;СССР
1009;354;США
1010;354;КНШ
1011;354;ВС
1012;354;Советскому Союзу
1013;355;СССР
1014;355;США
1015;356;СССР
1016;356;Комитетом начальников штабов
1017;356;ВС
1018;356;США
1019;356;СИОП
1020;356;КНР
1021;356;СИОП-1
1022;356;Китая
1023;356;Советском Союзе
1024;357;СИОП-4
1025;357;СИОП-5
1026;358;СИОП
1027;358;ВС
1028;359;Североатлантического союза
1029;359;Соединенных Штатах Америки
1030;359;НАТО
1031;359;США
1032;360;США
1033;360;ВС
1034;360;Комитетом начальников штабов
1035;361;НАТО
1036;361;Североевропейский
1037;361;Центральноевропейский
1038;361;Южноевропейский
1039;361;Европейского театра войны
1040;361;ТВД
1041;362;Североевропейскоrо
1042;362;Объединенных вооруженных сил ( ОВС )
1043;362;НАТО
1044;362;Центральноевропейском ТВД
1045;362;Южноевропейском ТВД
1046;362;Балканах
1047;362;Черноморских проливов
1048;363;НАТО
1049;363;Европейском театре войны
1050;363;Объединенных вооруженных сил
1051;364;США
1052;364;НАТО
1053;364;Центр
1054;364;Отечества
1055;365;США
1056;366;•Айви лиг•
1057;366;США
1058;368;Комитет начальников штабов
1059;368;ВС
1060;368;США
1061;368;Стратегических ядерных сил ( СЯС )
1062;368;Федеральное управление по действиям
1063;368;Федеральная система связи
1064;368;Комитета начальников штабов
1065;368;Верховным главнокомандующим
1066;368;Роджерс
1067;368;ЦРУ
1068;368;Хелмс
1069;368;Р. Рейгана
1070;369;США
1071;369;СССР
1072;369;Организации Варшавского договора
1073;369;СИОП
1074;370;СИОП
1075;370;Дальневосточном театре войны
1076;370;КНДР
1077;370;Корейской Республикой ( КР )
1078;370;США
1079;370;КР
1080;370;Южной Корее
1081;370;Японии
1082;370;Европе
1083;370;НАТО
1084;370;Организацией Варшавского договора ( ОВД )
1085;370;Объединенные вооруженные силы
1086;370;ОВД
1087;371;Советского Союза
1088;371;СССР
1089;371;Европейском театре войны
1090;371;США
1091;372;Комитета начальников штабов
1092;372;ВС
1093;372;США
1094;372;Вашингтона
1095;372;Рейгана
1096;373;США
1097;374;Уайнбергер
1098;374;США
1099;376;ФРГ
1100;376;Рейгана
1101;377;Германии
1102;377;Соединенных Штатов Америки
1103;378;Стратегического авиационного командования ( САК )
1104;378;США
1105;379;САК
1106;379;ВС
1107;379;ТВД
1108;379;ВМС
1109;380;Северную Америку
1110;380;Арктику
1111;380;Западную Европу
1112;380;Атлантического
1113;380;Тихого океанов
1114;381;САК
1115;382;САК
1116;382;ВВС
1117;382;ВМС
1118;384;Стратегического авиационного командования
1119;384;САК
1120;384;США
1121;384;Минитмэн
1122;384;ВКП
1123;384;Стратегических ядерных сил
1124;384;ВВС
1125;384;ВМС
1126;384;ВС
1127;386;САК
1128;386;Северной Америки
1129;386;ПВО
1130;386;Объединенного командования воздушно - космической обороны
1131;386;Североамериканского континента ( НО РАД )
1132;387;Гуам
1133;387;Японией
1134;387;Южной Кореей
1135;388;САК
1136;389;ВС
1137;389;США
1138;390;США
1139;390;СССР
1140;390;Советским Союзом
1141;391;НАТО
1142;391;Североатлантического союза
1143;391;Объединенных вооруженных сил ( ОВС )
1144;391;Атлантического океана
1145;391;Рака
1146;391;Средиземного моря
1147;392;Винтекс
1148;392;Объединенными вооруженными силами
1149;392;НАТО
1150;392;ВС
1151;392;ОВС
1152;392;США
1153;392;Европейский театр войны
1154;393;ВС
1155;393;НАТО
1156;393;Европе
1157;393;Атлантике
1158;393;Ла - Манш
1159;394;НАТО
1160;395;Винтекс
1161;396;ОВС
1162;396;НАТО
1163;396;Организацией Варшавского договора
1164;396;Европейском театре войны , штаб
1165;397;ВС
1166;397;ТВД
1167;397;Европейском театре войны
1168;397;Винтекс
1169;397;ОВС
1170;397;НАТО
1171;397;Объединенные вооруженные силы
1172;397;ОВД
1173;400;ВЫШЕ
1174;400;НИЖЕ
1175;400;ВС
1176;400;ОВД
1177;400;ОВС
1178;400;НАТО
1179;401;НАТО
1180;401;Европейском театре войны
1181;403;НАТО
1182;403;Греция
1183;403;Верховного главнокомандующего
1184;403;ОВС
1185;403;Европе
1186;403;Греции
1187;403;Франции
1188;403;из-8
1189;404;НАТО
1190;404;Парижа
1191;404;Североатлантического союза
1192;405;Турция
1193;405;НАТО
1194;405;Анкару
1195;405;ОВС
1196;405;Европе
1197;405;Хейга
1198;406;Турции
1199;406;Греции
1200;406;Южноевропейском ТВД
1201;407;Североатлантического союза
1202;407;Соединенным Штатам Америки
1203;407;Хиросимы
1204;407;США
1205;407;НАТО
1206;408;США
1207;408;НАТО
1208;409;НАТО
1209;409;США
1210;409;Россией
1211;409;Советского Союза
1212;409;Федерацию
1213;409;Организации Варшавского договора
1214;410;СИОП
1215;411;России
1216;411;ВС
1217;411;СИОП
1218;411;Китаем
1219;411;Ирак
1220;411;Северная Корея
1221;412;Югославию
1222;412;Ирак
1223;412;США
1224;413;США
1225;413;НАТО
1226;413;Восток
1227;414;ВВС
1228;414;России
1229;414;Западе
1230;414;Афганистане
1231;414;СССР
1232;414;Юга
1233;415;Афганистане
1234;415;Прибалтике
1235;415;Польше
1236;416;Стратегических ядерных сил
1237;416;России
1238;416;РВСН
1239;416;США (
1240;416;ЦРУ
1241;416;Бюро анализа и исследований госдепартамента )
1242;416;Китая
1243;418;США
1244;418;Соединенных Штатов Америки
1245;418;НАТО
1246;418;Национальной противоракетной обороны
1247;419;Косыгина
1248;420;Индии
1249;420;Лала Бахадура Шастри
1250;420;Индию
1251;421;Москвы
1252;421;Ташкенте
1253;421;Азии
1254;421;Кашмира
1255;421;Индостана
1256;421;Индии
1257;421;Пакистана
1258;422;Кашмира
1259;422;Кашмир
1260;424;Азии
1261;424;Советском Союзе
1262;424;Кашмире
1263;425;СССР
1264;425;Москве
1265;425;Индией
1266;425;Пакистаном
1267;425;Пакистана
1268;425;Айюб Хану
1269;425;Индии
1270;425;Л.Б. Шастри
1271;425;Совета Министров
1272;425;А.Н. Косыгин
1273;425;Пакистану
1274;425;Косыгина
1275;426;Косыгин
1276;426;Индии
1277;426;Пакистана
1278;426;Совета Министров
1279;426;СССР
1280;426;Ташкенте
1281;426;Советского Союза
1282;427;Айюб Хан
1283;427;Л.Б. Шастри
1284;427;Косыгина
1285;427;Ташкенте
1286;427;Советского Союза
1287;427;Совета Безопасности
1288;427;ООН
1289;427;Индии
1290;427;Пакистану
1291;428;Москве
1292;428;Ташкенте
1293;428;Первое главное управление
1294;428;КГБ
1295;428;Дели
1296;428;Карачи
1297;428;Центр
1298;429;Ташкенте
1299;431;Ташкенте
1300;431;А.Н. Косыгина
1301;432;Азии
1302;432;А.Н. Косыгина
1303;432;Ташкенте
1304;432;А.М. Сахаровский
1305;433;Ташкент
1306;434;Узбекистана
1307;434;Ташкент
1308;434;Ташкента
1309;434;Пакистана
1310;434;Индии
1311;434;А.Н. Косыгин
1312;434;Дарман
1313;435;Косыгин
1314;435;Индии
1315;435;Пакистана
1316;435;Советского Союза
1317;437;Советского Союза
1318;437;Западе
1319;437;Ташкенте
1320;437;Москвы
1321;437;ООН
1322;437;Англии
1323;437;США
1324;437;Индостане
1325;437;Ассошиэйтед Пресс
1326;437;Вашингтона
1327;437;Соединенные Штаты
1328;439;Ташкент
1329;439;Айюб Хана
1330;439;Шастри
1331;440;Ташкент
1332;442;Индии
1333;442;Кашмира
1334;443;Пакистан
1335;443;Пакистана
1336;443;Джамму
1337;443;Кашмира
1338;443;Индии
1339;444;Индии
1340;444;Пакистана
1341;445;А.Н. Косыгина
1342;445;Айюб Ханом
1343;445;Шастри
1344;445;Айюб Хан
1345;445;А.Н. Косыгин
1346;445;Советского Союза
1347;446;А.Н. Косыгина
1348;446;Председателю Совета Министров
1349;446;СССР
1350;446;А.Н. Косыгину
1351;446;му-5
1352;447;А.Н. Косыгин
1353;447;КГБ
1354;447;СССР
1355;447;Н.С. Захарова
1356;448;Индией
1357;448;Пакистаном
1358;448;Ташкенте
1359;450;Шастри
1360;450;Айюб Ханом
1361;450;Индии
1362;450;Ташкент
1363;451;Ташкенте
1364;451;А.Н. Косыгина
1365;452;Косыгин
1366;452;Пакистана
1367;452;Айюб Хана
1368;452;Индии
1369;452;Шастри
1370;452;А.Н. Косыгин
1371;453;Айюб Хан
1372;453;Шастри
1373;454;Индии
1374;454;Пакистана
1375;454;Советского Союза
1376;454;Председателю Совета Министров
1377;454;СССР
1378;455;Индии
1379;455;Пакистана
1380;455;Ташкент
1381;456;Косыгину
1382;456;А.Н. Косыгин
1383;457;Правда Востока
1384;458;Ташкентской встречи
1385;459;Ташкенте
1386;459;Индии
1387;459;Пакистана
1388;459;ООН
1389;459;Джамму
1390;459;Кашмире
1391;459;ПОЗИЦИЮ
1392;460;Ташкентской декларации
1393;460;Индия
1394;460;Пакистан
1395;460;Индостане
1396;460;Ташкенте
1397;460;Министерства информации и радиовещания
1398;460;Пакистана
1399;461;Шастри
1400;462;Индией
1401;462;Пакистаном
1402;463;Ташкенте
1403;463;Гохар
1404;463;Советский Союз
1405;463;Пакистану
1406;463;Индии
1407;464;Ташкенте
1408;464;Индией
1409;464;Пакистаном
1410;465;Афганистан
1411;468;Афганистан
1412;469;Афганистане
1413;469;Афганистана
1414;471;Афганистане
1415;471;С.Ф. Ахромеев
1416;471;В.И. Варенников
1417;473;Афганистан
1418;474;Кабуле
1419;474;СССР
1420;474;КГБ
1421;475;Кабуле
1422;475;Афганистане
1423;476;Афганистане
1424;476;КГБ
1425;477;Афганистане
1426;479;Афганистан
1427;479;Амина
1428;479;Тараки
1429;479;Москву
1430;479;Кабула
1431;479;Амину
1432;479;Амина Дар - уль - Аман
1433;479;Бабрака Кармаля
1434;479;Наджибуллу
1435;480;Афганистане
1436;482;В.А. Крючков
1437;482;Афганистане
1438;482;Народно - демократическая партия
1439;482;Афганистана
1440;482;Парчам
1441;482;Амин
1442;482;на-0
1443;483;США
1444;483;Амина
1445;483;Амином
1446;483;Первого главка
1447;483;Афганистан
1448;484;Крючков
1449;484;Кабул
1450;485;Афганистане
1451;485;Афганистан
1452;486;Баграм
1453;487;Кабул
1454;488;Баграм
1455;489;Николаева
1456;489;Петра Ивановича
1457;491;Воздушно - десантными войсками
1458;491;Николай Никитович Гуськов
1459;491;Кабуле
1460;491;Афганистана
1461;491;КГБ
1462;492;Кабуле
1463;492;Каскад
1464;494;Фергану
1465;494;Афганистан
1466;496;Баграм
1467;496;Кабул
1468;498;Йемен
1469;499;Гиндукуш
1470;499;Кабула
1471;501;Кабуле
1472;501;Борисом Семеновичем Ивановым
1473;501;КГБ
1474;502;Борисом Семеновичем
1475;503;СССР
1476;503;Фикрят Ахмеджанович Табеев
1477;503;Султан Кекезович Магомедов
1478;503;Афганистане
1479;503;Виктор Семенович
1480;504;ГРУ
1481;505;КГБ
1482;505;Кабуле
1483;505;Б.С. Ивановым
1484;505;Центр
1485;505;СССР
1486;505;Афганистан
1487;506;Виктор Семенович Папутин
1488;506;Борисом Семеновичем
1489;507;Кабуле
1490;507;Москву
1491;507;МВД
1492;508;Щелоков
1493;508;Брежнева
1494;508;Папутин
1495;509;КГБ
1496;509;МВД
1497;509;СССР
1498;509;ГРУ
1499;510;Б.С. Ивановым
1500;510;Брежневу
1501;510;Афганистан
1502;510;СССР
1503;511;Москва
1504;511;Баграма
1505;511;Амина
1506;511;Кабула
1507;511;Кабульском аэродроме
1508;512;ГРУ
1509;512;КГБ
1510;512;ПГУ
1511;512;СССР
1512;512;Юрием Ивановичем Дроздовым
1513;513;Воздушно - десантных войск
1514;513;Н.Н. Гуськов
1515;513;Министерства обороны
1516;514;КГБ
1517;514;МВД
1518;516;Дворец Амина
1519;518;Пули - Чархи
1520;521;Министерство внутренних дел
1521;522;Министерство иностранных дел
1522;525;Дворец Амина
1523;525;Ю.И. Дроздова
1524;527;Кабульском аэродроме
1525;527;Каскада
1526;528;Рябченко
1527;529;Каскада
1528;530;Рябченко
1529;531;Каскада
1530;531;КГБ
1531;532;Б.С. Ивановым
1532;532;Москву
1533;533;ВДВ
1534;534;Борис Семенович Иванов
1535;534;КГБ
1536;535;Москву
1537;537;КГБ
1538;537;Каскад
1539;538;Амина
1540;538;Генерального штаба
1541;541;Каскад
1542;541;Амина
1543;543;Ф.А. Табеев
1544;543;Кабуле
1545;546;Вадим Алексеевич
1546;546;Вами
1547;547;Москва
1548;547;Амином
1549;549;Амина
1550;550;Амина
1551;550;Кабула
1552;550;Хафизулла Амин
1553;551;Бабрака Кармаля
1554;551;Афганистана
1555;551;Баграма
1556;551;Кабул
1557;553;КГБ
1558;553;Каскад
1559;554;ХАД ( Служба государственной безопасности
1560;554;Представительства
1561;554;КГБ
1562;554;Владимир Александрович Чучукин
1563;554;Каскад
1564;554;Владимир Александрович
1565;555;Пули - Чархи
1566;556;Бабрак Кармаль
1567;556;Арк
1568;556;КГБ
1569;556;Каскад
1570;556;Б.С. Иванов
1571;556;Ю.И. Дроздов
1572;556;Афганистана
1573;556;Советского Союза
1574;558;Амина
1575;559;Службы разведки
1576;559;Ясенево
1577;559;Афганистане
1578;560;Ю.И. Дроздову
1579;560;Москву
1580;561;Ю.В. Андроповым
1581;563;Афганистане
1582;564;Афганистан
1583;564;СССР
1584;564;КГБ
1585;566;Иван Алексеевич Маркелов
1586;566;Афганистана
1587;566;США
1588;566;Афганистан
1589;566;СССР
1590;566;Вьетнам
1591;567;Афганистану
1592;567;Афганистане
1593;567;Афганистан
1594;568;КГБ
1595;568;Бабрака Кармаля
1596;568;Афганистана
1597;568;СССР
1598;571;Афганистана
1599;573;Москве
1600;573;Афганистану
1601;573;ЦК
1602;573;КПСС
1603;574;Афганистаном
1604;574;МИД
1605;574;СССР
1606;574;Георгия Марковича Корниенко
1607;574;С.Ф. Ахромеев
1608;574;В.И. Варенников
1609;574;Комитета госбезопасности
1610;574;Я.П. Медяник
1611;575;Ю.В. Андропова
1612;576;Д.Ф. Устинова
1613;577;Афганистан
1614;577;Афганистана
1615;577;Советского Союза
1616;577;Кабуле
1617;578;КГБ
1618;578;Афганистана
1619;579;ПГУ
1620;579;В.А. Крючков
1621;579;Яков Прокофьевич Медяник
1622;579;Управления « С »
1623;579;Юрий Иванович Дроздов
1624;580;КГБ
1625;580;Афганистану
1626;580;Афганистане
1627;580;Кабуле
1628;582;Кабуле
1629;583;Афганистане
1630;583;Бабрака Кармаля
1631;584;Бабраке Кармале
1632;584;Наджибуллой
1633;585;Наджибуллы
1634;585;Афганистане
1635;585;Афганистан
1636;585;Афганистана
1637;585;Москвы
1638;586;КГБ
1639;586;Афганистане
1640;586;Афганистану
1641;587;Афганистана
1642;588;Афганистане
1643;589;КГБ
1644;589;Афганистана
1645;589;Пакистана
1646;589;Наджибулла
1647;589;Афганистане
1648;590;Наджибулла
1649;590;Афганистане
1650;592;Москвы
1651;592;Ясенево
1652;592;Ленинскому проспекту
1653;592;Наджибулла
1654;592;Афганистане
1655;592;Афганистан
1656;593;Вера
1657;593;Наджибуллу
1658;593;КГБ
1659;594;КГБ
1660;594;Кабуле
1661;594;Ближнего
1662;594;Среднего Востока
1663;594;Б.С. Иванова
1664;594;Л.П. Богданов
1665;594;В.Н. Спальников
1666;594;Н.Е. Калягин
1667;594;Б.Н. Воскобойников
1668;594;В.П. Зайцев
1669;594;Богданов
1670;594;Спальников
1671;594;Зайцев
1672;595;Кабуле
1673;595;В.А. Ревин
1674;595;Наджибуллой
1675;596;Бабраку Кармалю
1676;596;Наджибулле
1677;597;Афганистан
1678;597;США
1679;597;Пакистана
1680;597;Алжире
1681;597;Таджикистане
1682;597;Афганистане
1683;597;Советского Союза
1684;599;Афганистане
1685;600;Афганистан
1686;600;Советского Союза
1687;602;Афганистана
1688;602;США
1689;603;США
1690;603;Афганистане
1691;603;Советский Союз
1692;603;Китаем
1693;603;Турция
1694;603;НАТО
1695;603;Ирана
1696;604;Советский Союз
1697;604;Афганистане
1698;604;Индийского океана
1699;605;Брежнев
1700;605;Андропов
1701;605;Громыко
1702;605;Устинов
1703;605;Афганистане
1704;606;Афганистан
1705;606;США
1706;609;СССР
1707;611;Венгрии
1708;611;Чехословакии
1709;612;Афганистане
1710;612;Советского Союза
1711;614;Международная
1712;616;Ангола
1713;616;Бангладеш
1714;616;Бирма
1715;616;Мьянма
1716;616;Ливан
1717;616;Пакистан
1718;616;Сомали
1719;616;Эфиопия
1720;616;Афганистан
1721;618;Афганистане
1722;618;Костромин Лев Петрович
1723;618;СССР
1724;621;Афганистан
1725;621;Советской Армии
1726;621;СССР
1727;621;КГБ
1728;621;МВД
1729;621;Афганистане
1730;621;Демократической Республики Афганистан ( ДРА )
1731;622;ДРА
1732;623;Советского Союза
1733;624;Наджибуллы
1734;625;Первом главном управлении
1735;625;КГБ
1736;625;СССР
1737;625;Службе внешней разведки
1738;625;Российской Федерации
1739;625;Голубевым
1740;625;Александром Титовичем
1741;625;Бирюков
1742;625;Леонид Игнатьевич
1743;625;СНГ
1744;625;А.Т. Голубева
1745;625;СВР
1746;625;Комитетом по делам воинов - интернационалистов
1747;627;России
1748;629;КГБ
1749;630;Бейруге
1750;630;Силы Халеда бен аль - Валида
1751;632;СССР
1752;632;Валерий Мыриков
1753;632;Олег Спирин
1754;632;Аркадий Катков
1755;632;Николай Свирский
1756;633;Сирии
1757;633;Израилем
1758;633;Иран
1759;634;США
1760;634;Франции
1761;634;Великобритании
1762;634;СССР
1763;635;СССР
1764;635;Ближнего
1765;635;Среднего Востока
1766;635;КГБ
1767;635;Ливане
1768;635;Бейруте
1769;637;СССР
1770;637;Москвы
1771;637;Сирию
1772;637;Дамаска
1773;637;Ливана
1774;637;Рейтер
1775;637;Силы Хал еда бен аль - Валида
1776;637;Аркадия Каткова
1777;638;Бейруте
1778;639;Москвы
1779;639;МИД
1780;639;Комитета государственной безопасности
1781;639;Сирии
1782;639;ООП
1783;639;Дамаск
1784;639;Тунис
1785;639;КГБ
1786;639;САР
1787;639;Хафезом Асадом
1788;639;Ясиром Арафатом
1789;640;САР
1790;640;Рифаатом Асадом
1791;640;Хафеза Асада
1792;641;Х. Асад
1793;641;Ливане
1794;641;СМИ
1795;642;Сирии
1796;642;САР
1797;642;Вашингтона
1798;642;Ливане
1799;643;ЦРУ
1800;643;Уильям Бакли
1801;643;Дамаск
1802;643;Москвы
1803;643;Хафезу Асаду
1804;643;СССР
1805;643;Бейруте
1806;643;Триполи
1807;644;СССР
1808;644;Москвы
1809;644;Генштаба
1810;644;Шехаби
1811;644;САР
1812;644;Али Дуба
1813;644;Х. Асад
1814;645;Бейруте
1815;645;КГБ
1816;645;Центр
1817;645;Москвы
1818;645;Х. Асада
1819;645;САР
1820;646;СССР
1821;646;Организации освобождения Палестины
1822;646;Центра
1823;646;Исполкома ООП
1824;646;Ясиру Арафату
1825;646;Министерства иностранных дел
1826;646;Советского Союза
1827;646;Тунисе
1828;646;Караханов
1829;646;Я. Арафат
1830;647;КГБ
1831;647;Бейруте
1832;647;Палестинского движения сопротивления
1833;647;Ливане
1834;647;ПДС
1835;647;Я. Арафат
1836;647;Хизбаллах
1837;647;Арафат
1838;648;Тегерана
1839;648;Ливане
1840;649;Советским Союзом
1841;649;СССР
1842;649;Прогрессивно - социалистическая партия Ливана ( ПСП )
1843;649;Валид Джумблат
1844;649;Бейруте
1845;650;В. Джумблата
1846;651;Бейруте
1847;652;Ливана
1848;652;Валид Джумблат
1849;652;Западном Бейруте
1850;652;СССР
1851;652;Ливане
1852;653;Германской Демократической Республики
1853;653;Алжира
1854;653;Ирака
1855;653;НДРЙ
1856;653;Чехословакии
1857;653;Венгрии
1858;653;Болгарии
1859;655;Ливане
1860;657;Ливана
1861;657;Амина Жмайеля
1862;657;СССР
1863;658;Советского Союза
1864;658;Ливане
1865;658;Юрий Сусликов
1866;658;Высшего исламского совета
1867;658;Шамсэддину
1868;658;СССР
1869;658;Сирии
1870;658;Бейруте
1871;659;коридору
1872;661;СССР
1873;661;Штаты
1874;661;Великобритания
1875;661;Франция
1876;661;Бейруте
1877;661;Советский Союз
1878;662;Ливане
1879;662;СССР
1880;662;Хизбаллах
1881;662;Бейруте
1882;662;Центра
1883;662;Мухаммедом Фадлаллой
1884;662;Москва
1885;662;Бейрута
1886;662;ПСП
1887;662;Абу Саида
1888;663;Советскому резиденту
1889;663;Фадлаллу
1890;663;Ливана
1891;663;Иране
1892;663;Хомейни
1893;664;Фадлаллой
1894;664;Советский Союз
1895;665;Фадлалла
1896;666;Москва
1897;666;Иордании
1898;666;Хусейну
1899;666;Ливийской Джамахирии
1900;666;Каддафи
1901;666;Ирана
1902;669;Бекаа
1903;670;Сирийской национальной партии
1904;670;Ливана
1905;670;САР
1906;670;Заложников
1907;671;Бекаа
1908;671;Заложников
1909;672;Центр
1910;672;Бейруте
1911;673;Москвы
1912;674;Фадлаллой
1913;674;Советский Союз
1914;674;Аятолла
1915;674;П СП
1916;674;Абу Саид
1917;675;СССР
1918;675;Бейруте
1919;675;Валерия Мырикова
1920;675;Николая Свирского
1921;675;Олега Спирина
1922;677;СССР
1923;678;ТАСС
1924;678;АПН
1925;678;Ливане
1926;679;Ливана
1927;679;Бейрута
1928;683;А. Жмайель
1929;684;Южной
1930;684;Юго-
1931;684;Восточной Азии
1932;684;Индией
1933;684;Китаем
1934;684;Таиландом
1935;684;Великобритании
1936;685;Бирмы
1937;685;СССР
1938;686;Бирме
1939;687;Не Вином
1940;688;Таунджи
1941;688;Шанской национальной области
1942;689;Таунджи
1943;690;Таунджи
1944;690;Рангуна
1945;690;Шанского нагорья
1946;690;Бирмы
1947;690;Китая
1948;690;Лаоса
1949;690;Таиланда
1950;692;Таиланд
1951;692;Сиамского залива
1952;693;Таунджи
1953;693;Рангуне
1954;695;Борис Пятницкий
1955;695;Станислав Виноградов
1956;695;Таунджи
1957;696;Бориса
1958;696;Станислава
1959;699;Таунджи
1960;699;Виноградова
1961;699;Пятницкого
1962;699;Центром резидентура
1963;699;Бирме
1964;700;ми
1965;701;Шанского нагорья
1966;701;Виноградова
1967;701;Пятницкого
1968;703;Таунджи
1969;704;Таиландом
1970;705;Виноградова
1971;705;Пятницкого
1972;706;Таунджи
1973;706;Рангуна
1974;707;Советский Союз
1975;707;Не Вину
1976;707;СССР
1977;707;Бирмы
1978;707;Таунджи
1979;710;Кун Са
1980;711;Резидентуре
1981;711;"Кун Са - 
"
1982;711;Бирмы
1983;712;Кун Са
1984;712;Бирмы
1985;713;Кун Са
1986;713;Бирмы
1987;714;Бирмы
1988;714;Кун Са
1989;714;Шанской области
1990;715;Кун Са
1991;715;Шанского нагорья
1992;716;Кун Са
1993;717;Кун Са
1994;717;Шанского нагорья
1995;718;Кун Са
1996;719;Таунджи
1997;719;Министерство иностранных дел
1998;719;Бирмы
1999;719;Кун Са
2000;722;Виноградов
2001;722;Пятницкий
2002;724;Станиславу
2003;724;Борису
2004;725;Шанскому
2005;726;Бориса
2006;726;Станиславом
2007;726;Станислава Виноградова
2008;727;Таиланда
2009;727;Бангкоке
2010;727;Центра серьезно и ответственно
2011;728;Таиланда
2012;731;Кун Са
2013;732;Москвы
2014;735;Борис Пятницкий
2015;735;Станислав Виноградов
2016;738;Станиславу Виноградову
2017;738;Борис Пятницкий
2018;738;Станиславу
2019;740;Станислав Виноградов
2020;740;Таиланде
2021;741;Станислава
2022;742;Станислав
2023;745;Виноградова
2024;746;Станислава
2025;746;Бангкок
2026;748;Виноградов
2027;748;Станислав
2028;748;СССР
2029;748;Таиланде
2030;748;Аэрофлота
2031;748;Москву
2032;749;Виноградова
2033;749;Станислав
2034;749;Бангкок
2035;750;Москву
2036;751;Станислав
2037;751;Москва
2038;751;Шереметьева
2039;752;Борис Пятницкий
2040;752;Таиландом
2041;753;Борис
2042;753;Бангкоке
2043;753;Станислав Виноградов
2044;754;СССР
2045;755;Бориса Пятницкого
2046;755;Центрального командования сил безопасности
2047;755;Бангкоке
2048;755;Таиланда
2049;755;Тави Чуласап
2050;755;СССР
2051;755;Борис Ильичев
2052;756;Пятницкий
2053;756;Ильичев
2054;756;СССР
2055;759;Станислава Виноградова
2056;759;Бориса Пятницкого
2057;760;Борис Пятницкий
2058;760;Бангкока
2059;760;Родину
2060;760;Москве
2061;760;Станиславом Виноградовым
2062;760;Кемерово
2063;760;Борис
2064;760;Бирму
2065;761;Бирме
2066;761;Таиланде
2067;761;Центром
2068;763;Чернобыльской АЭС
2069;764;НТР
2070;764;АЭС ~Три
2071;764;Майлз Айленд~
2072;765;НТР
2073;765;Комитета госбезопасности
2074;765;СССР
2075;765;КГБ
2076;765;В.М. Чебриков
2077;765;Чернобыле
2078;766;Чернобыль
2079;766;АЭС
2080;766;НТР
2081;766;А.В. Белов1•
2082;766;Чернобыле
2083;766;Академии наук
2084;766;СССР
2085;766;Министерства энергетики
2086;766;Министерства среднего машиностроения
2087;768;Запада
2088;769;Чернобыль
2089;769;НТР
2090;769;Совета министров
2091;769;СССР
2092;769;И.С. Силаевым
2093;769;Запада
2094;770;НТР
2095;770;Чернобыле
2096;771;НТР
2097;771;Чернобыле
2098;771;А.В. Беловым
2099;771;Внуково
2100;771;Министерством гражданской авиации
2101;771;Киев
2102;771;Чернобыль
2103;772;НТР
2104;772;Москве
2105;774;Чернобыль
2106;774;США
2107;774;Западной Европы
2108;776;Комиссии опасность
2109;776;расплаве
2110;777;НТР
2111;777;Чернобыль
2112;778;Припять
2113;778;НТР
2114;778;Украины
2115;778;Белоруссии
2116;779;Чернобыль
2117;780;НТР
2118;782;НТР
2119;782;АЭС
2120;783;Чернобыльской АЭС
2121;785;НТР
2122;785;Чернобыле
2123;785;А.В. Белова
2124;785;Чернобыля
2125;786;НТР
2126;786;Армении
2127;787;НТР
2128;788;НТР
2129;788;Чернобыле
2130;788;Института атомной энергии имени И.В. Курчатова
2131;788;СССР
2132;788;В.А. Легасовым
2133;788;Чернобылю
2134;791;Киеве
2135;791;Всесоюзный научный центр радиационной медицины
2136;791;Украине
2137;791;Белоруссии
2138;791;Брянская область
2139;791;России
2140;791;Чернобыльской аварии
2141;791;НТР
2142;791;Чернобыль
2143;791;Киев
2144;791;Минск
2145;791;Брянск
2146;792;России
2147;792;АЭС
2148;793;СВР
2149;795;Юрий Владимирович Андропов Писать
2150;795;Андропове
2151;795;Андропова
2152;796;Начну
2153;796;Комитет госбезопасности
2154;796;Андропов
2155;796;КГБ
2156;797;Ю.В. Андропова
2157;797;КГБ
2158;797;Комитета госбезопасности
2159;798;КГБ
2160;798;И.А. Серов
2161;800;А.Н. Шелепин
2162;800;Комитете
2163;800;В.Е. Семичастный
2164;801;Ю.В. Андропова
2165;801;КГБ
2166;801;Карелии
2167;801;СССР
2168;801;Венгрии
2169;801;ЦК
2170;801;КПСС
2171;802;Андропова
2172;802;ЦК
2173;802;КПСС
2174;803;Юрия Владимировича
2175;803;КГБ
2176;804;Комитете Ю.В. Андропова
2177;805;Андропов
2178;805;ЦК
2179;805;КПСС
2180;805;Юрия Владимировича
2181;806;КГБ
2182;806;Андропов
2183;807;Андропова
2184;807;Юрий Владимирович
2185;809;Андропов
2186;809;Андропова
2187;809;Юрий Владимирович
2188;810;Андропов
2189;810;КГБ
2190;810;Первого Главного управления
2191;811;Сила Андропова
2192;811;КГБ
2193;812;КГБ
2194;812;Андропов
2195;812;СССР
2196;812;Венгрии
2197;812;ЦК
2198;812;КПСС
2199;815;Юрий Владимирович
2200;815;В.А. Крючкову
2201;815;КГБ
2202;815;ЦК
2203;815;КПСС
2204;816;Ивана Ивановича Агаянца
2205;816;Ивана Ивановича
2206;818;Андропов
2207;818;Юрий Владимирович
2208;818;КГБ
2209;819;Андроповым
2210;821;Андропова
2211;821;Андропов
2212;822;КГБ
2213;822;Андропов
2214;823;бесед Андропова
2215;825;Андропов
2216;825;Брежнева
2217;825;Щелокова
2218;826;Андропов
2219;827;КГБ
2220;829;Юрий Владимирович
2221;829;Венгрию
2222;829;КГБ
2223;829;СССР
2224;829;МВД
2225;829;Андропова
2226;829;Кадаром
2227;830;Андропова
2228;831;КГБ
2229;831;Юрий Владимирович
2230;834;Андропов
2231;834;Юрий Владимирович
2232;835;КГБ
2233;835;Ю.В. Андропова
2234;835;Андропов
2235;836;Андропов
2236;836;ЦК
2237;836;КПСС
2238;837;Андропов
2239;837;КГБ
2240;838;Андропова
2241;838;КГБ
2242;838;Сахаров
2243;839;Андропову
2244;839;Юрий Владимирович
2245;839;Кунцевской больнице
2246;842;Юрий Владимирович
2247;842;Кунцево
2248;843;Кунцево
2249;843;Владимирович
2250;843;Андропова
2251;843;КГБ
2252;844;Брежнев
2253;844;Андропову
2254;844;Комитете госбезопасности
2255;844;Цвигуна
2256;844;Г.К. Цинева
2257;844;Комитете
2258;844;Юрий Владимирович
2259;844;Брежневу
2260;844;Андропова
2261;844;Комитета
2262;845;Андропов
2263;846;Юрием Владимировичем
2264;846;Каире
2265;846;ПГУ
2266;846;Юрию Владимировичу
2267;846;КГБ
2268;847;Андропов
2269;847;Андропову
2270;848;М.А. Суслов
2271;848;Андропову
2272;848;Юрий Владимирович
2273;848;Политбюро
2274;848;Андропов
2275;848;Суслова
2276;848;Коран
2277;848;Магомете
2278;848;Юрию Владимировичу
2279;849;Брежнева
2280;850;Комитете государственной безопасности
2281;851;Андропова
2282;852;Афганистана
2283;852;Наджибулла
2284;852;Амануллой
2285;852;М. Даудом
2286;853;Наджибулла
2287;853;Афганистан
2288;854;Драма Наджибуллы
2289;854;Афганистана
2290;854;России
2291;855;Мохаммад Наджибулла
2292;855;Кабуле
2293;855;Ахтар Мохаммад
2294;855;Пешаваре
2295;855;Пактия
2296;855;Наджибулла
2297;857;Кабульского университета
2298;857;Народнодемократическую партию Афганистана ( НДПА )
2299;857;Б. Кармаль
2300;858;Афганистана
2301;858;ЦК
2302;858;НДПА
2303;858;Кабульский горком партии
2304;858;Х. Амина
2305;858;ДРА
2306;858;Тегеран
2307;858;Пленума
2308;858;Югославии
2309;859;Афганистан
2310;859;Б. Кармаль
2311;859;Наджибулла
2312;859;Кабул
2313;859;ЦК
2314;859;НДПА
2315;859;"Службу государственной безопасности - 
 ХАД"
2316;859;Службу государственной информации
2317;859;Политбюро
2318;859;ЦК партии по инициативе и настоянию
2319;859;Москвы
2320;859;Генеральным секретарем
2321;859;Б. Кармаля
2322;859;Председателем
2323;859;ДРА
2324;859;Совета улемов
2325;859;Афганистана
2326;860;Наджибулла
2327;861;Пешавар
2328;861;Джелалабадом
2329;862;шаль
2330;862;Наджибулле
2331;863;Наджибулла
2332;864;КГБ
2333;864;СССР
2334;865;Наджибуллой
2335;865;Ю.В. Андропов
2336;865;В.А. Крючков
2337;865;КГБ
2338;865;Кабуле
2339;865;В.Н. Спальников
2340;865;Б.Н. Воскобойников
2341;865;Н.Е. Калягин
2342;865;В.П. Зайцев
2343;865;В.А. Ревин
2344;865;Афганистане
2345;866;Востока
2346;866;Афганистана
2347;866;Наджибуллой
2348;867;Наджибуллы
2349;867;Афганистана
2350;868;Наджибуллой
2351;868;ЦК
2352;868;КПСС
2353;868;Министерства обороны
2354;868;МИД
2355;868;МВД
2356;868;СССР
2357;868;Москве
2358;868;Б. Кармаля
2359;868;Наджибулла
2360;868;Кремля
2361;868;Афганистана
2362;869;КГБ
2363;869;Наджибуллы
2364;869;Н.М. Тараки
2365;869;Х. Амине
2366;869;Наджибулле
2367;869;Службой
2368;871;МГБ
2369;871;КГБ
2370;871;Наджибулла
2371;872;Службой
2372;872;Ограниченного контингента советских войск ( ОКСВ )
2373;872;Наджибуллы
2374;873;Наджибулле
2375;873;СМИ
2376;873;Тараки
2377;873;Х. Амине
2378;874;Наджибулла
2379;874;ХАД - СГИ - МГБ
2380;874;Ахмад Шах Масуд
2381;874;Кабул
2382;874;Наджибуллы
2383;874;НДПА
2384;875;МВД
2385;876;Наджибулла
2386;877;Москве
2387;877;Б. Кармаля
2388;877;КГБ
2389;877;Кабуле
2390;877;Москву
2391;877;Центр
2392;878;Кабуле
2393;880;СССР
2394;882;Афганистану
2395;883;Наджибуллу
2396;884;Дюранда
2397;884;Афганистан
2398;884;Пакистан
2399;884;Захир Шаха
2400;884;Наджибулла
2401;884;НДПА
2402;885;Наджибулла
2403;886;Кабула
2404;886;Москвы
2405;886;НДПА
2406;886;Наджибуллы
2407;887;СССР
2408;888;Кабуле
2409;888;Афганистане
2410;888;Москве
2411;888;Афганистана
2412;888;США
2413;888;Пешаваре
2414;888;Г. Хекматияр
2415;888;Б. Раббани
2416;888;Кабулом
2417;889;Наджибуллы
2418;889;Кабуле
2419;890;Афганистана
2420;890;Кабул
2421;891;Кабуле
2422;891;Наджибуллы
2423;891;Политбюро
2424;891;ЦК
2425;891;НДПА
2426;891;Ш.Н. Танаем
2427;891;А.Р. Дустума
2428;891;Наджибулле
2429;891;Пакистан
2430;891;Наджибу
2431;891;Таная
2432;892;Наджибулла
2433;892;Кабульском аэропорту
2434;892;Наджибулле
2435;892;Джелалабад
2436;892;Пакистана
2437;892;Гардеза
2438;892;Хает
2439;892;Кабула
2440;894;Наджибулла
2441;894;Афганистан
2442;894;МГБ
2443;895;СССР
2444;895;Афганистана
2445;895;Наджибуллы
2446;895;Москва
2447;895;А.Р. Дустум
2448;895;Наджибулле
2449;895;Исламского общества Афганистана
2450;895;Б. Раббани
2451;895;А.Ш. Масудом
2452;895;Кабуле
2453;895;Наджибуллу
2454;895;Дустуму
2455;895;МГБ
2456;896;Наджибулла
2457;896;Индию
2458;896;Ахмадзай
2459;896;МГБ
2460;896;Тухи
2461;896;Джафсар
2462;896;Афганистан
2463;897;Наджибуллы
2464;897;Омара Ака
2465;897;Голгофу
2466;898;ООН
2467;898;Кабуле
2468;898;Бутрос Гали
2469;898;Наджибулла
2470;898;Афганистана
2471;898;России
2472;898;Москва
2473;899;Б. Раббани
2474;899;Кабул
2475;899;Наджибуллу
2476;899;Афганистан
2477;899;ООН
2478;899;Наджибуллы
2479;899;Гали
2480;900;Кабулу
2481;900;Б. Раббани
2482;900;А.Ш. Масуда
2483;900;Г. Хекматияра
2484;900;Кабул
2485;900;А.Ш. Масуд
2486;900;Наджибулле
2487;900;Кабуле
2488;900;ООН
2489;900;Тухи
2490;900;Джафсар
2491;900;Индии
2492;900;Наджибуллой
2493;900;Ахмадзай
2494;900;Наджибулла
2495;900;Бутросом Гали
2496;900;Наджибуллу
2497;901;А.Ш. Масуда
2498;901;Кабуле
2499;901;Наджибулла
2500;902;Кабула
2501;902;Губар
2502;902;Наджибуллы
2503;902;Наджибулла
2504;902;Афганистана
2505;903;Наджибулла
2506;904;Гленна Соутера
2507;904;Уго
2508;904;Соутер Гленн Майкл
2509;904;Хаммонда
2510;904;Индиана
2511;904;Италии
2512;904;Соутера
2513;904;ВМС
2514;904;США
2515;905;Олд Доминион
2516;905;Норфолке
2517;905;Вирджиния
2518;905;ВМС
2519;905;США
2520;905;Соутера
2521;906;Риме
2522;906;СССР
2523;910;Соутером
2524;911;Соутер
2525;913;США
2526;913;Соутера
2527;915;Западе
2528;915;суперагентом
2529;915;Соутера
2530;915;Советам
2531;915;Пентагона
2532;915;П. Уильямс
2533;915;Уго
2534;915;США
2535;915;Соутер
2536;916;Соутера
2537;916;СССР
2538;916;СМИ
2539;916;Ливии Каддафи
2540;916;Соутером
2541;916;Центре
2542;917;Уго
2543;917;ВМС
2544;917;Соутер
2545;918;ВМС
2546;918;Норфолке
2547;918;ФБР
2548;919;Шрейдер
2549;919;Холтс
2550;920;Соутера
2551;920;ФБР
2552;920;США
2553;921;ВМС
2554;921;США
2555;921;Атлантике
2556;921;Джона Уокера
2557;921;СССР
2558;921;Западе
2559;921;Соутера
2560;921;ФБР
2561;921;Холтса
2562;922;Уго
2563;922;Соутера
2564;922;ФБР
2565;922;Норфолке
2566;922;Холтс
2567;922;Соутер
2568;922;Светлану
2569;922;КГБ
2570;923;Холтс
2571;923;Соутера
2572;923;Соутер
2573;923;Уго
2574;923;ВМС
2575;923;ФБР
2576;924;Центр
2577;924;Уго
2578;925;США
2579;925;Соутер
2580;925;Алиталия
2581;925;Рим
2582;925;Монреале
2583;925;Канада
2584;925;Италии
2585;925;Москве
2586;926;Уго
2587;926;Верховного Совета
2588;926;СССР
2589;926;Орлов
2590;926;Евгеньевич
2591;926;Соутер
2592;926;США
2593;926;Земле
2594;926;Соутер - Орлов
2595;927;МЫ
2596;927;Москве
2597;927;СВР
2598;928;Орлов - Соутер
2599;928;Подмосковье
2600;929;Москве
2601;930;Москвы
2602;930;США
2603;930;Европы
2604;930;Западе
2605;930;В. Маяковского
2606;930;Ф.М. Достоевского
2607;930;А.П. Чехова
2608;930;России
2609;931;Орлова - Соутера
2610;931;Кимом Филби
2611;931;Джорджем Блейком
2612;931;Москве
2613;931;Орлов - Соутер
2614;931;Кима Филби
2615;931;Блейка
2616;933;Александра
2617;933;Москве
2618;934;Орлова - Соутера
2619;934;КГБ
2620;934;СССР
2621;935;Москвой
2622;935;Джорджу Блейку
2623;935;Сашу
2624;937;Орлов - Соутер
2625;938;Орловым - Соутером
2626;938;КГБ
2627;938;Новокунцевском кладбище
2628;938;Москве
2629;938;Кима Филби
2630;939;СССР
2631;939;М.Е. Орлова
2632;939;Михаила Евгеньевича Орлова - Соутера
2633;939;Службы внешней разведки
2634;939;Кабинета истории разведки
2635;939;Советского Союза
2636;939;Российской Федерации
2637;940;М.Е. Орлов - Соутер
2638;940;Россия
2639;941;Патрия Исторически
2640;941;ВЧКОГПУ
2641;941;ВЧК
2642;941;Дзержинский
2643;941;Артузов
2644;942;Польши
2645;942;Венгрии
2646;942;Болгарии
2647;942;Эстонии
2648;942;Австрии
2649;942;Италии
2650;942;Швейцарии
2651;942;Китая
2652;942;Кореи
2653;942;США
2654;942;Франции
2655;942;Англии
2656;944;Африке де Лас Эрас
2657;944;Патрия
2658;944;Родина
2659;945;Сеута
2660;945;Испанское Марокко
2661;945;Испанию
2662;946;Испанском Марокко
2663;946;Мелилья
2664;947;Испанию
2665;947;Народного фронта
2666;948;Патрией
2667;948;Испании
2668;948;Патрию
2669;948;Москву
2670;948;НКВД
2671;948;Орлов
2672;948;Патрия
2673;948;Москве
2674;949;Москве
2675;949;Испании
2676;950;НКВД
2677;950;СССР
2678;951;Патрия
2679;951;ОМСБОН
2680;951;Д.Н. Медведева
2681;951;Советского Союза
2682;951;Ровно
2683;951;Победители
2684;952;Патрия
2685;952;Украине
2686;954;Центром
2687;954;Москвы
2688;954;А.А. Ковпака
2689;954;Карпатам
2690;957;Патрию
2691;958;Н.И. Кузнецовым
2692;958;Ровно Кузнецов
2693;960;Москву
2694;961;Испанию
2695;961;Францию
2696;961;Франции
2697;961;Патрия
2698;961;Париже
2699;962;Франции
2700;962;Патрию
2701;962;СССР
2702;963;Испании
2703;964;Франции
2704;964;Москву
2705;965;Центре
2706;965;Латинскую Америку
2707;965;Центром
2708;966;Южную Америку
2709;966;Патрия
2710;967;Центром
2711;967;Москвы
2712;969;Патрию
2713;969;Центр для доподготовки по радиоделу и уточнения разведывательных задач
2714;969;ГП
2715;970;Москве
2716;970;Москвы
2717;970;Патрию
2718;970;А.М. Короткову
2719;970;Сухуми
2720;970;Абхазия
2721;972;Патрия
2722;972;Сухуми
2723;974;Москвы
2724;974;Медведева
2725;974;Н.
2726;974;кофту
2727;975;А.М. Коротков
2728;976;Центр
2729;976;Южную Америку
2730;976;Марко
2731;976;Патрия
2732;977;Москве
2733;978;Патрия
2734;978;Европе
2735;979;Марко
2736;980;Марко
2737;982;Патрия
2738;983;Центром объемную и сложную работу
2739;984;Марко
2740;986;Москвой
2741;986;Южной Америки
2742;988;Марко
2743;988;Патрия
2744;989;Марко
2745;990;Патрия
2746;990;Марко
2747;992;Центр
2748;993;Марко
2749;993;Патрию
2750;995;Патрию
2751;995;Москву
2752;995;Марко
2753;995;Центр :
2754;997;Европу
2755;997;Москве
2756;998;Марко Центр
2757;998;Москве
2758;999;Патрия
2759;999;Советский Союз
2760;1000;Патрия
2761;1003;Европу
2762;1004;Патрия
2763;1005;Центр
2764;1006;Т.
2765;1006;Патрией
2766;1006;Патрия
2767;1007;Испании
2768;1008;Патрию
2769;1008;Черного моря
2770;1010;Патрия
2771;1010;А.М. Короткова
2772;1010;Сталина
2773;1011;Патрию
2774;1013;Патрия
2775;1013;Медведева
2776;1014;Л.
2777;1014;Московском доме журналистов
2778;1014;Победители
2779;1014;Д.Н. Медведева
2780;1014;Африка
2781;1014;Москве
2782;1015;Африке
2783;1015;Валентина Довгер
2784;1015;Воронежа
2785;1015;Африка
2786;1016;Африка
2787;1017;духов
2788;1018;Африка
2789;1019;Африки
2790;1019;Л.Н. Толстого
2791;1019;Африку
2792;1020;Главка
2793;1021;Патрия
2794;1021;Патрию
2795;1021;ОМСБОНа
2796;1021;Ветераны
2797;1022;Указом Президиума
2798;1022;Верховного Совета
2799;1022;СССР
2800;1022;Ленина
2801;1024;Африка де Лас Эрас
2802;1025;Патрию
2803;1025;Патрия
2804;1026;Хованском кладбище
2805;1026;Патрия
2806;1026;Полковник де Лас Эрас Африка
2807;1027;КаннаиСеп
2808;1027;Шереметьева
2809;1027;Центр возвратились разведчики - нелегалы супруги
2810;1027;Михаил
2811;1027;Галина Федоровы
2812;1028;Галины
2813;1028;Михаила
2814;1030;Михаил Владимирович Федоров
2815;1030;Колпино
2816;1030;Петроградом
2817;1030;Ижорском заводе
2818;1030;Красной Армии
2819;1030;Ямбург
2820;1030;Кингисепп
2821;1031;Кингисеппе
2822;1031;Михаила
2823;1031;Ленинградский институт физической культуры имени П.Ф. Лесгафта
2824;1032;Михаил
2825;1032;РККА
2826;1033;Западного особого военного округа
2827;1033;Белосток
2828;1035;Польшу
2829;1035;Германии
2830;1036;Белостоке
2831;1036;Михаил
2832;1037;Михаил
2833;1037;Западного фронта
2834;1037;Вязьмы
2835;1037;Касня
2836;1038;Великих Луках
2837;1038;Невеле
2838;1038;Родины
2839;1039;Михаил
2840;1039;Барановичи
2841;1039;Брестской области
2842;1040;Михаил Федоров
2843;1042;Москву
2844;1042;М. Федоров
2845;1042;Главного разведывательного управления
2846;1042;Генерального штаба
2847;1042;Красной Армии
2848;1043;Англию
2849;1043;Центр важную информацию военно - политического характера
2850;1044;Михаил
2851;1044;Белостока
2852;1044;Англии
2853;1045;Москву
2854;1047;Москве
2855;1047;М. Федоров
2856;1047;Комитет информации
2857;1047;Совете Министров
2858;1047;СССР
2859;1048;Михаила Федорова
2860;1048;делаю знаки
2861;1050;Галей
2862;1051;Галина Ивановна Маркина
2863;1051;Федорова
2864;1051;Саратове
2865;1051;Галины
2866;1052;Гали
2867;1052;Галина
2868;1052;Москве
2869;1053;Наркомфине СССР
2870;1053;Московского высшего технического училища имени Н.Э. Баумана
2871;1054;Галина
2872;1054;Транспортном управлении
2873;1054;НКВД
2874;1055;Галина
2875;1055;Четвертого главного управления
2876;1055;НКВД
2877;1055;Мещанской улице
2878;1055;Галину
2879;1056;Галина
2880;1056;Высшей школе
2881;1056;Министерства государственной безопасности
2882;1056;СССР
2883;1057;Александр Михайлович Коротков
2884;1058;Галина Ивановна
2885;1060;Александр Михайлович
2886;1062;Галина Ивановна
2887;1062;Александром Михайловичем Коротковым
2888;1065;Центра
2889;1065;Михаила
2890;1066;Федоровых
2891;1066;Австралия
2892;1067;Сепом
2893;1067;Жанной
2894;1067;Михаила
2895;1067;Галины Федоровых
2896;1067;Австралии
2897;1067;Сепа
2898;1068;Жанну
2899;1068;Польши
2900;1068;Гданьска
2901;1068;Кракова
2902;1068;Люблина
2903;1068;Щецина
2904;1069;Варшаву
2905;1069;Центра
2906;1069;Западной Европы
2907;1069;НАТО
2908;1069;Жанне
2909;1069;Москвой
2910;1069;Советского Союза
2911;1070;Сепом
2912;1070;Жанной
2913;1072;Сеп
2914;1073;Жанна
2915;1074;Польши
2916;1074;Жанна
2917;1075;Жанна
2918;1076;Центр
2919;1076;Москве
2920;1076;В.Г. Павлова
2921;1076;Сеп
2922;1076;Англии
2923;1076;Александр Михайлович Коротков
2924;1076;Сепа
2925;1076;Жанну
2926;1076;Сепу
2927;1076;Жанны
2928;1077;Центр
2929;1079;Центр
2930;1079;Москве
2931;1079;В.Г. Павлов
2932;1079;Сеп
2933;1079;Жанна
2934;1080;Сеп
2935;1080;Жанна
2936;1080;Центр
2937;1081;Европы
2938;1081;Испании
2939;1081;Португалии
2940;1081;Центра
2941;1082;Жанна
2942;1085;Москвой
2943;1085;Центром
2944;1086;Юрий Владимирович Андропов Ф.К. Мартин
2945;1086;А.М. Сахаровский
2946;1086;В.А. Крючков
2947;1087;Л.В. Шебаршин
2948;1087;В.И. Трубников
2949;1087;Службы внешней разведки
2950;1087;Российской Федерации
2951;1087;Е.М. Примаков
2952;1087;РСФСР
2953;1087;С.Н
2954;1087;Лебедев
2955;1088;Гоар
2956;1089;А.М. Козлов
2957;1089;России
2958;1089;В.А. Кирпиченко
2959;1089;Индией
2960;1089;Пакистаном
2961;1089;Слева
2962;1089;А.Н. Косыгин
2963;1089;Совета Министров
2964;1089;СССР
2965;1089;"М. Айюб Хан - 
"
2966;1089;Пакистана
2967;1089;Л.Б. Шастри
2968;1089;Индии
2969;1090;СССР
2970;1090;Кабуле
2971;1090;Майванд
2972;1091;Ю.В. Андропова
2973;1091;Афганистана
2974;1091;М. Наджибуллой
2975;1091;Москва
2976;1092;Афганистана
2977;1092;М. Наджибулла
2978;1092;Ялте
2979;1093;М.Е. Орлов
2980;1093;Соутер Гленн Майкл )
2981;1093;В.А. Крючков
2982;1093;Соутеру
2983;1093;СССР
2984;1094;Африка де Лас Эрас
2985;1094;Патрия
2986;1094;Джиованни Антонио Бертони
2987;1094;Жанна
2988;1095;Галина Ивановна ( Жанна )
2989;1095;Михаил Владимирович ( Сеп ) Федоровы
2990;1096;А.Ф.
2991;1096;М.И. Филоненко
2992;1097;М.И. Филоненко
2993;1098;Анна Федоровна Филоненко
2994;1098;Шамиль Хамзин ( Халеф
2995;1098;Ирина Алимова (
2996;1098;Бир
2997;1099;"ВЧК - 
 ГПУ"
2998;1099;ВЧК - ОГПУ
2999;1099;НКВД
3000;1100;"ИНО - 
 ПГУ"
3001;1100;"ИНО - 
 ПГУ - СВР"
3002;1103;Москва
3003;1103;СВР
3004;1103;Ясенево
3005;1104;СВР
3006;1105;Центром
3007;1106;Сепу
3008;1106;Жанне
3009;1106;Москвой
3010;1106;Западной Европы
3011;1106;Центр
3012;1107;Североатлантического блока
3013;1107;Монсе
3014;1107;Францией
3015;1109;Монсе
3016;1109;СССР
3017;1109;НАТО
3018;1109;Сеп
3019;1109;Жанна
3020;1109;Центр об оперативных планах натовских генералов
3021;1110;НАТО
3022;1110;Брига
3023;1110;ФРГ
3024;1110;Комитета планирования
3025;1110;Европе
3026;1112;Брига
3027;1113;Генеральной Ассамблеи
3028;1113;ООН
3029;1115;Нью - Йорк
3030;1116;Брига
3031;1116;СССР
3032;1116;США
3033;1116;Сепа
3034;1116;Жанны
3035;1116;НАТО
3036;1116;Бриг
3037;1116;Белый дом
3038;1116;Кубе
3039;1116;Пентагона
3040;1116;ЦРУ
3041;1117;Бриг
3042;1117;США
3043;1117;Гуантанамо
3044;1117;Флориде
3045;1117;Кубу
3046;1118;Центр
3047;1118;Бригом
3048;1118;Сепом
3049;1118;Жанной
3050;1121;Жанна
3051;1128;Шереметьева
3052;1128;Михаил
3053;1128;Сандунах
3054;1130;Галина
3055;1131;Москве
3056;1133;Галина Федорова
3057;1133;Центр
3058;1136;Галины
3059;1136;Михаила Федоровых
3060;1137;Родиной
3061;1137;Михаила Владимировича Федорова
3062;1137;Красной Звезды
3063;1138;Галина Ивановна Федорова
3064;1138;Красной Звезды
3065;1139;Федоровы
3066;1139;Владимирович
3067;1139;Галина Ивановна
3068;1140;Михаила Федорова
3069;1140;Галины
3070;1142;Галина
3071;1144;Галина
3072;1144;Магадане
3073;1145;Галину
3074;1146;Федоровы
3075;1146;Службой
3076;1148;Михаила Владимировича Федорова
3077;1149;Федоровы
3078;1149;дЭМ
3079;1149;ОЛМА - ПРЕСС
3080;1150;Кэт
3081;1150;Подмосковья
3082;1150;Основатель
3083;1150;Центрального разведывательного управления
3084;1150;США
3085;1150;Аллен Даллес
3086;1150;Рудольф Абель
3087;1150;Вильям Генрихович Фишер
3088;1150;Абель
3089;1150;Москве
3090;1150;Санш де Грамон
3091;1150;Соединенных Штатов
3092;1151;Абеля
3093;1151;Западном полушарии
3094;1152;Филоненко
3095;1152;Абеля
3096;1153;Анна Филоненко
3097;1153;Кэт
3098;1153;Штирлица Тихонов
3099;1153;Михаила Филопенко
3100;1155;Анна Камаева
3101;1155;-Филоненко
3102;1155;Татищева
3103;1156;Аня
3104;1157;Марии
3105;1157;Евдокии
3106;1157;Виноградовых
3107;1157;Аня Камаева
3108;1158;Красная роза~
3109;1158;Анну Камаеву
3110;1158;Верховного Совета
3111;1158;СССР
3112;1159;Аннушке
3113;1160;Анны
3114;1160;Иностранный отдел
3115;1160;НКВД
3116;1160;СССР
3117;1161;ИНО
3118;1162;Политбюро
3119;1162;ЦК ВКП(б )
3120;1162;Иностранного отдела
3121;1162;НКВД
3122;1162;Школу особого назначения ( ШОН )
3123;1163;Анна Камаева
3124;1166;Европе
3125;1167;Анну Камаеву
3126;1167;Группы особых заданий -сверхсекретной структуры
3127;1167;Берии
3128;1168;Яков Серебрянский
3129;1168;Сергей Шпигельглас
3130;1168;Наум Эйтингон
3131;1168;разведке•
3132;1168;Эйтингона
3133;1168;Льва Троцкого
3134;1169;Группы особых заданий судьба
3135;1170;Серебрянский
3136;1170;НКВД
3137;1170;Павла Судоплатова
3138;1170;Берии Серебрянский
3139;1171;Группы особых заданий
3140;1171;Шпигельгласа
3141;1172;Судоплатова
3142;1172;МГБ•. Затем
3143;1172;Берии
3144;1174;Гудериана
3145;1174;Москве
3146;1174;Куйбышев
3147;1174;Красной площади
3148;1174;Третьего рейха
3149;1175;Париж
3150;1176;Москве
3151;1177;Гитлер
3152;1177;Кремле
3153;1177;Большом театре
3154;1178;Берии
3155;1178;НКВД
3156;1178;Гитлер
3157;1178;Третьего рейха
3158;1178;Москву
3159;1179;Группы особых заданий
3160;1179;Анна Камаева
3161;1179;Яков Серебрянский
3162;1179;Москве
3163;1179;Кремле
3164;1179;Большим театром
3165;1179;НКВД
3166;1180;Анне Камаевой
3167;1180;Лаврентия Берии
3168;1180;Гитлера
3169;1181;НКВД
3170;1181;Камаева
3171;1182;Москва
3172;1182;Жукова
3173;1183;Москву
3174;1183;Анна Камаева
3175;1183;Подмосковье
3176;1183;НКВД
3177;1183;Павел Судоплатов
3178;1184;НКВД
3179;1184;Отдельную мотострелковую бригаду особого назначения ( ОМСБОН )
3180;1186;Анна
3181;1187;ОМСБОН
3182;1187;Гриднева
3183;1187;Камаева
3184;1187;Москве
3185;1188;Анна Камаева
3186;1188;Западным фронтом
3187;1188;Г.К. Жукова
3188;1188;Михаилом Филоненко
3189;1188;Подмосковье
3190;1189;М.И. Филоненко
3191;1189;Москва~
3192;1189;Подмосковью
3193;1189;Анатолием Ермолаевым
3194;1191;Тамару Малыгину
3195;1191;Тамара
3196;1192;Останкино
3197;1192;Апрелевку
3198;1192;Рогачево
3199;1193;Ротмистрова
3200;1195;Федор Сафонов
3201;1197;Старшине Сафонову
3202;1202;Ахматова Сафонов
3203;1202;Михаилом Задковым
3204;1202;Иваном Грачевым
3205;1203;Ахматова
3206;1203;Москвой
3207;1210;Федя Сафонов
3208;1210;Феди Кувшинова
3209;1211;Верею
3210;1211;Протва
3211;1212;Тамары Малыгиной
3212;1212;Тамара
3213;1213;Вереи
3214;1213;Сафонова
3215;1213;Федя
3216;1214;Верее
3217;1215;Москву
3218;1215;Урала
3219;1216;Сафонову
3220;1224;Афанасьево
3221;1224;Сафонов
3222;1225;Сафонов
3223;1226;Михаил Савельев
3224;1227;Савельева
3225;1227;Савельев
3226;1228;Казанков
3227;1228;Ермолаев
3228;1228;Кувшинов
3229;1228;Задков
3230;1228;Шустикова
3231;1229;Москва
3232;1234;Шустиково
3233;1235;Борисова
3234;1235;Борисове
3235;1236;Дорохова
3236;1240;Бородино
3237;1242;Храброво
3238;1244;Губино
3239;1244;Юрлово
3240;1245;Выселово
3241;1246;Афанасьева
3242;1246;Верее
3243;1248;Вереи
3244;1250;Симбухово
3245;1252;Назарьево
3246;1252;Таширово
3247;1253;Колесим
3248;1255;Дорохова
3249;1256;Петрищева
3250;1256;Федя Сафонов
3251;1256;Волоколамск
3252;1256;Москвой
3253;1257;Петрищева
3254;1259;Сталина
3255;1259;Миша Задков
3256;1261;Колодкино -Петрищева
3257;1263;Борисова
3258;1263;НОЧЬЮ
3259;1264;Верее
3260;1265;Сафонов Федор
3261;1265;Задков Михаил
3262;1265;Грачев Иван
3263;1265;Правдин Виктор
3264;1265;Сосулькин Александр
3265;1265;Маркин Павел
3266;1265;Дубенский Богдан
3267;1265;Бахметьев Лев
3268;1268;Афанасьева
3269;1271;Шустиково
3270;1277;Анатолием Ермолаевым
3271;1277;Большую землю
3272;1280;Колодкино
3273;1280;Крюкова
3274;1281;Таширово
3275;1282;Таширово
3276;1282;Сафонов
3277;1283;Крюково
3278;1285;Крюково
3279;1285;НЗ
3280;1286;Верее
3281;1286;Верею
3282;1286;СС
3283;1286;фон Бок
3284;1286;Ленинграда
3285;1288;Афанасьево
3286;1288;Вышгороду
3287;1293;Борисово
3288;1302;Сафонов
3289;1304;Ахматова
3290;1304;Большую землю
3291;1306;бою!~. Решили
3292;1308;Анатолий Ермолаев
3293;1308;Федор Сафонов
3294;1308;Федор Кувшинов
3295;1308;Андрей Казанков
3296;1308;Ахматова
3297;1309;Себе
3298;1313;Миша Задков
3299;1314;Грачевым
3300;1318;Анатолий Ермолаев
3301;1318;Андрей Казанков
3302;1318;Федор Сафонов
3303;1318;Федор Кувшинов~
3304;1319;М. Филоненко
3305;1319;Москве
3306;1319;Советского Союза
3307;1319;В.В. Талалихиным
3308;1319;Л.В. Доватором
3309;1320;Москва~
3310;1320;ОМСБОН
3311;1320;Михаил Филоненко
3312;1320;Г.К. Жукова
3313;1321;Михаил
3314;1321;Георгия Жукова
3315;1321;Анны
3316;1322;Михаилу Филоненко
3317;1323;Михаил
3318;1323;Анна
3319;1323;НКВД
3320;1325;Жукова
3321;1325;Михаила Филоненко
3322;1325;Анной Камаевой
3323;1325;Анна
3324;1325;Подмосковье
3325;1325;Михаила
3326;1326;Михаил
3327;1326;Украине
3328;1326;Киеве
3329;1326;НКВД
3330;1326;Михаилом
3331;1326;Днепра
3332;1326;Красной Армии
3333;1326;Михаила
3334;1326;Ковпака
3335;1326;Федорова
3336;1326;Медведева
3337;1326;Польше
3338;1327;Анной
3339;1327;Москвы
3340;1327;Анна
3341;1327;НКВД
3342;1327;Свердловской школе
3343;1327;Высшей школе
3344;1327;СССР
3345;1327;Москве
3346;1328;Анна
3347;1328;Мексику
3348;1328;Рамана Меркадера
3349;1328;Льва Троцкого
3350;1328;Москву
3351;1329;Раман Меркадер
3352;1330;Анна
3353;1330;Михаил
3354;1330;Павлик
3355;1330;Филоненко
3356;1331;Высшую разведывательную школу
3357;1332;Латинской Америке
3358;1332;Павлик
3359;1333;Латинскую Америку
3360;1333;Чехословакии
3361;1333;Шанхае
3362;1333;Филоненко
3363;1333;Анна
3364;1333;Харбина
3365;1333;Европы
3366;1334;Латинскую Америку
3367;1334;Харбина
3368;1334;Китая
3369;1335;Китае
3370;1335;Китая
3371;1335;Китай
3372;1335;Филоненко
3373;1336;Москвы
3374;1336;Филоненко
3375;1336;В.М. Молотов
3376;1336;Комитет информации
3377;1337;В.М. Молотов
3378;1338;Соединенных Штатов
3379;1339;США
3380;1339;Японии
3381;1339;СССР
3382;1339;Англии
3383;1339;У. Черчилля
3384;1339;Фултоне
3385;1339;Запад
3386;1339;Востока
3387;1340;США
3388;1340;Элизабет Бентли
3389;1340;СССР
3390;1340;Лос - Анджелесе
3391;1340;Сан - Франциско
3392;1340;Нью - Йорке
3393;1340;Маккарена - Вуда
3394;1340;Маккарена- Вуда
3395;1340;Маккарти
3396;1341;Советском Союзе
3397;1341;США
3398;1341;ФБР
3399;1341;Советскому Союзу
3400;1341;Клаус Фукс
3401;1342;Элизабет Бентли
3402;1342;США
3403;1343;Вильям Фишер
3404;1343;Рудольф Абель
3405;1344;Нелегалам Филоненко
3406;1344;Латинской Америке
3407;1345;Шанхая
3408;1345;Бразилию
3409;1345;Михаилу Ивановичу
3410;1345;Анны Федоровны
3411;1345;Михаила
3412;1346;Бразилии
3413;1346;Анна Федоровна
3414;1346;Михаилу
3415;1346;Михаила
3416;1347;Михаил
3417;1347;Аргентины
3418;1347;Парагвая
3419;1347;Мексики
3420;1347;Бразилии
3421;1347;Уругвая
3422;1347;Колумбии
3423;1347;Чили
3424;1347;Латинской Америки
3425;1348;Новом Свете
3426;1348;Филоненко
3427;1348;Центра
3428;1349;США
3429;1349;Латинской Америке
3430;1349;Соединенных Штатах
3431;1349;Вашингтон
3432;1349;Западного полушария
3433;1349;СССР
3434;1350;Дальнем Востоке
3435;1350;Объединенный разведывательный комитет
3436;1350;Объединенного комитета начальников штабов
3437;1350;США
3438;1350;Г.
3439;1351;СССР
3440;1351;Соединенные Штаты
3441;1352;СССР
3442;1352;Эрейзер
3443;1352;Лафмин
3444;1352;Интермеццо
3445;1352;Сиззл
3446;1353;Оффтэкл
3447;1354;Вашингтон
3448;1354;СССР
3449;1355;США
3450;1355;СССР
3451;1356;СССР
3452;1356;Москвой
3453;1357;Филоненко
3454;1357;США
3455;1357;Генеральной Ассамблеи
3456;1357;Организации Объединенных Наций
3457;1357;Запада
3458;1357;Генассамблеи
3459;1358;Филоненко
3460;1358;США
3461;1358;Центра
3462;1358;Анна Федоровна
3463;1358;Михаилу Ивановичу
3464;1358;Бразилии
3465;1358;Жуселино Кубичека де Оливейра
3466;1359;Михаил
3467;1359;Альфредо Стресснером
3468;1361;Парагвая
3469;1361;Михаила
3470;1361;Альфредо
3471;1362;Ванечка
3472;1363;НьюЙорке
3473;1363;Вильям Фишер
3474;1363;Рудольфом Абелем
3475;1363;Филоненко
3476;1363;США
3477;1363;Центр
3478;1363;Центром
3479;1364;Анне Федоровне
3480;1365;Антарктики
3481;1367;Михаил Иванович
3482;1367;Анны Федоровны
3483;1368;Михаила Филоненко
3484;1368;Центр
3485;1370;Москву
3486;1372;Европы
3487;1372;Павел
3488;1373;Михаил Иванович Филоненко
3489;1373;Управлении нелегальной разведки
3490;1373;Анна Федоровна
3491;1374;Анна Филоненко
3492;1374;НКВД
3493;1376;Филоненко
3494;1377;Татьяна Лиознова
3495;1378;КГБ
3496;1378;Анну
3497;1378;Михаила
3498;1378;Татьяна Лиознова
3499;1378;Филоненко
3500;1379;Анна
3501;1379;Кэт
3502;1379;Харбине
3503;1380;Вячеслав Тихонов
3504;1380;Штирлица
3505;1381;Михаила Ивановича
3506;1382;Филоненко
3507;1382;Михаил Иванович
3508;1382;Анна Федоровна
3509;1382;Кэт
3510;1383;Филоненко
3511;1383;"Россия - 
"
3512;1384;Филоненко
3513;1384;Служба внешней разведки
3514;1385;Японию
3515;1385;России
3516;1385;Туркестане
3517;1385;Японии
3518;1385;Бир
3519;1385;Халеф
3520;1386;Бибииран (
3521;1386;Ирина ) Алимова
3522;1386;Мары
3523;1386;Ашхабаде
3524;1387;Ирины
3525;1387;Карим Алимов
3526;1387;Мары
3527;1387;Карим - ага
3528;1387;Кариму
3529;1387;Тегеран
3530;1388;Карим
3531;1388;Ашхабад
3532;1388;Ирина
3533;1390;Ирина
3534;1390;Туркменфильм
3535;1390;Умбар
3536;1390;Умбара
3537;1391;Ирину Алимову
3538;1391;Ленинград
3539;1391;Г. Козинцева
3540;1391;Ирина Каримовна
3541;1391;Ленинграде
3542;1391;Тамарой Макаровой
3543;1391;Яниной Жеймо
3544;1391;Зоей Федоровой
3545;1391;Яковом Свердлиным
3546;1391;Петром Алейниковым
3547;1391;Хейфицем
3548;1391;Зархи
3549;1391;Траубергом
3550;1391;Роммом
3551;1391;Герасимовым
3552;1392;Алимова
3553;1392;Ташкент
3554;1392;Узбекфильм
3555;1393;Ириной
3556;1394;Великая Отечественная война
3557;1394;Ирина
3558;1394;Ирину
3559;1394;Украины
3560;1394;Польши
3561;1394;Кракове
3562;1395;Чехословакии
3563;1395;Австрии
3564;1395;Ашхабад
3565;1396;Алимовой
3566;1396;Ирина
3567;1398;Ирину
3568;1398;Москву
3569;1398;Лубянку
3570;1399;Ашхабаде
3571;1399;Москве
3572;1399;Дзержинского Ирина
3573;1400;Кузнецком мосту
3574;1401;Ирину
3575;1402;Александр Коротков
3576;1402;Центра порой
3577;1402;Советскому Союзу
3578;1402;США
3579;1405;Ирина
3580;1406;Ирина
3581;1406;Александр Коротков
3582;1406;Ирины Каримовны
3583;1411;Ирины
3584;1412;Ирины Каримовны
3585;1412;Управления нелегальной разведки
3586;1412;Александра Михайловича Короткова
3587;1413;Александр Михайлович
3588;1413;Германии
3589;1414;Александром Эрдбергом
3590;1414;Коротков
3591;1414;ОГПУ
3592;1414;Александр Михайлович
3593;1414;Ирина Каримовна
3594;1416;Александр Михайлович
3595;1418;Ирины Каримовны
3596;1418;Ирина Каримовна
3597;1421;Ирины Алимовой
3598;1423;Чарльз Россель
3599;1423;Нью - Йорке
3600;1423;США
3601;1425;Ирины
3602;1426;Австрии
3603;1426;Германскую Демократическую Республику
3604;1426;Лейпциг
3605;1426;Ирины
3606;1426;Японии
3607;1427;Ирине
3608;1427;Ирина
3609;1427;России
3610;1427;Туркестан
3611;1428;Кашгаре
3612;1428;Ирины
3613;1428;Японию
3614;1430;Японии
3615;1430;Японией
3616;1430;Потсдаме
3617;1430;Токио
3618;1430;Каирской
3619;1430;Хонсю
3620;1430;Хоккайдо
3621;1430;Кюсю
3622;1430;Сикоку
3623;1431;Японию
3624;1431;Японии
3625;1432;Советский Союз
3626;1432;Японии
3627;1432;Советская Армия
3628;1432;Маньчжурии
3629;1432;Квантунской армии
3630;1432;Миссури
3631;1432;Деревянко
3632;1433;Сан - Франциско
3633;1433;Японии
3634;1433;Макартура
3635;1434;Лондоне
3636;1434;Японией
3637;1434;Союзнический совет
3638;1434;Дальневосточная комиссия
3639;1434;Макартуру
3640;1434;Японии
3641;1434;Союзнического совета
3642;1434;Дальневосточной комиссии
3643;1434;Корее
3644;1435;Японии
3645;1436;Шамилю Абдуллазяновичу Хамзину
3646;1437;Архангельске
3647;1437;Казань
3648;1437;Хамзин
3649;1437;Ленинградский электротехнический институт имени В.И. Ульянова ( Ленина )
3650;1437;Москве
3651;1437;Хамзину
3652;1437;НКГБ
3653;1438;Халеф
3654;1438;Шамиля Хамзина
3655;1438;Ближнем Востоке
3656;1438;Центр
3657;1438;Японию
3658;1439;Халеф
3659;1439;Энвера Садыка
3660;1439;Тяньцзинь
3661;1439;Халефу
3662;1439;Китае
3663;1439;Ирина Алимова
3664;1439;Японии
3665;1440;Ирины
3666;1440;Европу
3667;1440;Ирина
3668;1441;Ирина
3669;1441;Москву
3670;1441;Ашхабаде
3671;1442;Бир
3672;1443;Японию
3673;1444;Бир
3674;1444;Китая
3675;1444;России
3676;1444;Монголии
3677;1445;Турцию
3678;1445;Бир
3679;1445;Урумчи
3680;1446;Бир
3681;1446;Энвер Садык
3682;1447;Бир
3683;1447;Центре
3684;1447;Тяньцзинь
3685;1447;Китая
3686;1447;Пекина
3687;1448;Бир
3688;1448;Ирина
3689;1449;Бир
3690;1451;Бир
3691;1455;Бир
3692;1456;Бир
3693;1456;Энвер
3694;1456;Хатыча Садык
3695;1457;Бир
3696;1457;Халеф
3697;1457;Японии
3698;1457;Центра
3699;1458;Центра -супруги - нелегалы
3700;1458;Японию
3701;1458;Япония
3702;1458;США
3703;1459;Тяньцзиня
3704;1459;Халеф
3705;1459;Японии
3706;1459;Садык
3707;1459;Японию
3708;1459;Гонконг
3709;1460;Красного Креста
3710;1460;Японию
3711;1460;Японии
3712;1461;Гонконге
3713;1461;Бир
3714;1461;Халеф
3715;1462;Бир
3716;1463;Китая
3717;1463;Тайваня
3718;1464;Бир
3719;1464;Халеф
3720;1464;России
3721;1464;Тайваня
3722;1465;Бир
3723;1465;Халеф
3724;1465;Гонконга
3725;1465;Японию
3726;1465;Кобе
3727;1466;Тайвань
3728;1466;Японии
3729;1466;Бир
3730;1466;Халеф
3731;1467;Центра
3732;1467;Японии
3733;1467;Москву
3734;1468;Японию
3735;1468;Садык
3736;1468;Кобе
3737;1469;Халеф
3738;1469;Бир
3739;1469;Токио
3740;1471;Японии
3741;1471;США
3742;1471;Центра
3743;1472;Японии
3744;1472;СССР
3745;1474;Центра
3746;1475;Москву
3747;1475;США
3748;1475;Японии
3749;1475;Бир
3750;1475;Центр
3751;1475;Токио
3752;1475;Сан - Франциско
3753;1476;Японии
3754;1476;Москве
3755;1477;Бир
3756;1477;Центра
3757;1477;Центр
3758;1478;Центр
3759;1480;Садык
3760;1480;Японию
3761;1481;Корее
3762;1481;Корейском полуострове
3763;1481;ООН
3764;1481;Бир
3765;1481;Халеф
3766;1482;Москву
3767;1482;США
3768;1482;Южной Корее
3769;1482;Бир
3770;1483;Халеф
3771;1484;Халеф
3772;1485;Бир
3773;1486;Халеф
3774;1487;Бир
3775;1488;автомашину извлек
3776;1488;Токио
3777;1488;Центра
3778;1490;Халеф
3779;1490;Центра
3780;1492;Бир
3781;1495;Бир
3782;1496;Центр
3783;1496;Япония
3784;1496;Южная Корея
3785;1496;Южный Вьетнам
3786;1496;Тайвань
3787;1496;Таиланд
3788;1496;Филиппины
3789;1496;Малайзия
3790;1496;Новая Зеландия
3791;1496;Австралия
3792;1496;Сеуле
3793;1496;Бангкоке
3794;1497;Юго - Восточной Азии
3795;1498;Сеуле
3796;1498;Южная Корея
3797;1498;США
3798;1499;Бир
3799;1499;Халефа
3800;1499;Лубянку
3801;1499;Японии
3802;1500;Бир
3803;1500;Халефа
3804;1500;Центром
3805;1500;США
3806;1500;Японии
3807;1500;Центра
3808;1500;Москвы
3809;1500;Токио
3810;1500;Советскому Союзу
3811;1502;Центра
3812;1502;Бир
3813;1503;Бир
3814;1504;Японии
3815;1504;Бир
3816;1504;Халеф
3817;1504;Москвы
3818;1504;Европу
3819;1504;Франции
3820;1504;Испании
3821;1504;Италии
3822;1504;Швейцарии
3823;1504;Советский Союз
3824;1504;Ашхабад
3825;1505;Японию
3826;1505;Западную Европу
3827;1505;Венеции
3828;1505;Рима
3829;1505;Парижа
3830;1506;Москве
3831;1508;Ирина Каримовна
3832;1509;Японии
3833;1510;Бир
3834;1511;Центра
3835;1512;Москву
3836;1512;Европу
3837;1512;Бир
3838;1512;Халеф
3839;1512;Шереметьева
3840;1513;Алимова
3841;1513;Хамзин Шамиль Абдуллазянович
3842;1513;Центра
3843;1513;Центр
3844;1513;НАТО
3845;1513;Ш.А. Хамзин
3846;1514;Алимова
3847;1514;Красной Звезды
3848;1514;Хамзин
3849;1515;В.Г. Павловым
3850;1515;Центре
3851;1515;Ирина Каримовна
3852;1516;Халефом
3853;1520;Ирина Каримовна
3854;1520;Ирина Алимова
3855;1520;Японии
3856;1521;Красная звезда
3857;1529;Германии
3858;1529;Японии
3859;1529;Дальнем Востоке
3860;1530;Запада
3861;1530;Западной Европе
3862;1530;Советского Союза
3863;1532;России
3864;1536;НАТО
3865;1537;России
3866;1538;Гипотетически
3867;1539;КГБ
3868;1539;Служба внешней разведки
3869;1540;РФ
3870;1540;СВР
3871;1540;Российского государства и общества
3872;1542;са
3873;1542;России
3874;1543;СНГ
3875;1543;Россия
3876;1544;России
3877;1546;России
3878;1547;России
3879;1551;России
3880;1554;Федеральной службой безопасности
3881;1554;Министерством обороны
3882;1554;Главным разведывательным управлением
3883;1554;Министерством иностранных дел
3884;1556;России
3885;1556;СВР
3886;1558;СВР
3887;1559;СВР
3888;1559;Е.М. Примакова
3889;1560;Советский Союз
3890;1561;России
3891;1563;Россией
3892;1563;Соединенными Штатами
3893;1565;Европу
3894;1565;Советского Союза
3895;1565;Югославии
3896;1565;Чехословакии
3897;1565;Хельсинкскими договоренностями
3898;1568;России
3899;1568;Таджикистане
3900;1568;Афганистана
3901;1568;Среднюю Азию
3902;1569;России
3903;1570;Украине
3904;1570;Белоруссии
3905;1570;России
3906;1570;Российского государства
3907;1573;России
3908;1574;России
3909;1575;Большая область
3910;1575;России
3911;1577;России
3912;1577;экономической области
3913;1581;КГБ
3914;1588;России
3915;1590;экономической области
3916;1592;России
3917;1593;России
3918;1598;России
3919;1598;С.л
3920;1598;Российской Федерации
3921;1598;Вячеслава Трубникова
3922;1598;Новому военному обозрению
3923;1598;Иванович
3924;1599;России
3925;1599;Службы внешней разведки
3926;1599;СВР
3927;1602;Россию
3928;1602;США
3929;1602;НАТО
3930;1603;СНГ
3931;1603;Российской Федерации
3932;1604;Североатлантического союза
3933;1604;Европейском континенте
3934;1604;ООН
3935;1604;ОБСЕ
3936;1605;НАТО
3937;1605;Восточной Европы
3938;1605;России
3939;1606;НАТО
3940;1606;Содружества Независимых Государств
3941;1606;СНГ
3942;1607;Министерства иностранных дел
3943;1607;России
3944;1609;Россия
3945;1609;СНГ
3946;1609;Содружества
3947;1610;России
3948;1610;Содружества
3949;1610;СНГ
3950;1611;Российской Федерации
3951;1611;Центра
3952;1612;России
3953;1613;России
3954;1614;России
3955;1615;России
3956;1616;России
3957;1619;России
3958;1619;Службы внешней разведки
3959;1620;СВР
3960;1620;Служба внешней разведки
3961;1620;Служба
3962;1623;Службы
3963;1625;Службы внешней разведки
3964;1625;КГБ
3965;1625;СССР
3966;1625;СВР
3967;1626;России
3968;1626;Службе
3969;1627;Службы
3970;1628;СВР
3971;1628;России
3972;1629;Российской Федерации
3973;1629;СВР
3974;1629;Служба внешней разведки
3975;1630;СВР
3976;1630;России
3977;1630;Российской Федерации
3978;1631;С.Н. Лебедева
3979;1631;Труд-7
3980;1631;Службы внешней разведки
3981;1631;Сергей Николаевич Лебедев
3982;1631;Труд
3983;1632;России
3984;1632;СВР
3985;1632;Соединенных Штатах
3986;1632;Службы внешней разведки
3987;1632;Вячеслав Иванович Трубников
3988;1633;Владимиром Владимировичем Путиным
3989;1633;ГДР
3990;1634;Владимир Владимирович
3991;1638;-Насколько
3992;1638;Службе внешней разведки
3993;1639;Леонид Шебаршив
3994;1639;Евгений Примаков
3995;1639;Вячеслав Трубников
3996;1639;Германии
3997;1639;"США - 
 специфика"
3998;1644;Германии
3999;1647;Джизаке
4000;1647;Чернигове
4001;1647;Украине
4002;1648;Эймс
4003;1648;Ханссен
4004;1648;"Трофимофф - 
"
4005;1648;Штатах
4006;1648;СВР
4007;1649;Иуды
4008;1653;Калугиным
4009;1653;Трофимоффа
4010;1653;США
4011;1654;Калугина
4012;1655;Калугин
4013;1656;СВР
4014;1656;Калугина
4015;1657;Иудах
4016;1659;Академию разведки
4017;1661;Москве
4018;1663;Мукасеях
4019;1663;Андреевичу Вартаняну
4020;1663;Советского Союза
4021;1663;России
4022;1663;Герои
4023;1664;СВР
4024;1664;ЦРУ
4025;1664;ФБР
4026;1665;ЦРУ
4027;1665;Джорджем Теннетом
4028;1665;Луи Фри
4029;1665;ФБР
4030;1668;ЦРУ
4031;1668;ФБР
4032;1672;США
4033;1672;Европы
4034;1672;Азии
4035;1672;Африки
4036;1673;Буш
4037;1673;США
4038;1676;Экклезиаста
4039;1678;Алжире
4040;1678;Египте
4041;1678;Афганистане
4042;1678;бен Ладена
4043;1678;Чечне
4044;1679;Ваши
4045;1679;Службой
4046;1681;Ваши
4047;1684;Вера Михайловна
4048;1684;Виталику
4049;1685;Сережа
4050;1685;Ваш
4051;1686;Узбекистане
4052;1686;Тянь- Шаня
4053;1688;динамо
4054;1688;России
4055;1689;Службы внеIIПiей разведки
4056;1689;Каберне
4057;1689;Каберне Совиньона
4058;1690;Службу внешней разведки
4059;1690;России
4060;1690;Россию
4061;1691;Николай Долгополов
